distrito_id,dto,edo,PAN,PRI,PRD,PVEM,PT,MC,MORENA,PES,RSP,FXM,CAND_IND_1,CAND_IND_2,CAND_IND_3,PAN-PRI-PRD,PAN-PRI,PAN-PRD,PRI-PRD,PVEM-PT-MORENA,PVEM-PT,PVEM-MORENA,PT-MORENA,JHH,VXM,TOTAL,GANADOR_2018,GANADOR_2021
901,1,9,0,0,0,3.31,2.11,2.85,53.38,2.95,1.28,2.12,0,0,0,32,0,0,0,0,0,0,0,0,1,135159,PT_MORENA_PES,MORENA
902,2,9,0,0,0,0,0,3.07,0,1.53,0.79,1.73,0,0,0,51.38,0,0,0,41.5,0,0,0,0,1,188894,PT_MORENA_PES,PAN_PRI_PRD
903,3,9,0,0,0,0,0,2.55,0,2.04,0.92,5.64,0,0,0,44.25,0,0,0,44.61,0,0,0,0,1,196013,PT_MORENA_PES,PVEM_PT_MORENA
904,4,9,0,0,0,0,0,3.8,0,2.81,0.96,2.21,0,0,0,32.84,0,0,0,57.39,0,0,0,0,1,121675,PT_MORENA_PES,PVEM_PT_MORENA
905,5,9,0,0,0,0,0,7.81,0,1.16,0.69,4.64,0,0,0,47.94,0,0,0,37.75,0,0,0,0,1,143550,PT_MORENA_PES,PAN_PRI_PRD
906,6,9,0,0,0,2.56,3.41,3.27,29.38,2.07,0.75,2.83,0,0,0,55.74,0,0,0,0,0,0,0,0,1,178642,PT_MORENA_PES,PAN_PRI_PRD
907,7,9,0,0,0,2.6,1.93,3.22,44.63,1.71,0.97,2.21,0,0,0,42.73,0,0,0,0,0,0,0,0,1,180423,PT_MORENA_PES,MORENA
908,8,9,0,0,0,0,0,3.32,0,2.65,1.41,1.86,0,0,0,44.09,0,0,0,46.68,0,0,0,0,1,136095,PT_MORENA_PES,PVEM_PT_MORENA
909,9,9,0,0,0,6.03,3.37,3.23,45.2,3.4,1.09,2.39,0,0,0,35.3,0,0,0,0,0,0,0,0,1,132298,PT_MORENA_PES,MORENA
910,10,9,0,0,0,0,0,4.73,0,0.9,0.53,1.15,0,0,0,57.53,0,0,0,35.15,0,0,0,0,1,191047,PT_MORENA_PES,PAN_PRI_PRD
911,11,9,0,0,0,2.18,1.81,4.09,44.6,1.51,0.69,1.95,0,0,0,43.16,0,0,0,0,0,0,0,0,1,161101,PT_MORENA_PES,MORENA
912,12,9,0,0,0,2.02,1.48,3.53,33.85,1.51,0.78,2.05,0,0,0,54.77,0,0,0,0,0,0,0,0,1,150784,PT_MORENA_PES,PAN_PRI_PRD
913,13,9,0,0,0,0,0,3.28,0,1.99,0.97,2.66,0,0,0,43.63,0,0,0,47.47,0,0,0,0,1,178124,PT_MORENA_PES,PVEM_PT_MORENA
914,14,9,0,0,0,2.64,1.97,7.92,39.61,1.43,0.79,4.15,0,0,0,41.49,0,0,0,0,0,0,0,0,1,142118,PT_MORENA_PES,PAN_PRI_PRD
915,15,9,0,0,0,0,0,2.79,0,0.6,0.35,0.84,0,0,0,73.41,0,0,0,22.01,0,0,0,0,1,232891,PT_MORENA_PES,PAN_PRI_PRD
916,16,9,0,0,0,0,0,3.42,0,1.56,0.61,2.49,0,0,0,51.93,0,0,0,39.99,0,0,0,0,1,168226,PT_MORENA_PES,PAN_PRI_PRD
917,17,9,0,0,0,0,0,2.87,0,2.07,0.92,2.06,0,0,0,57.95,0,0,0,34.13,0,0,0,0,1,188304,PT_MORENA_PES,PAN_PRI_PRD
918,18,9,0,0,0,4.9,2.02,3.88,41.4,1.69,0.7,1.57,0,0,0,43.84,0,0,0,0,0,0,0,0,1,159124,PT_MORENA_PES,PAN_PRI_PRD
919,19,9,0,0,0,3.8,2.31,3.33,51.36,2.13,0.76,1.68,0,0,0,34.63,0,0,0,0,0,0,0,0,1,137185,PT_MORENA_PES,MORENA
920,20,9,0,0,0,0,0,3.47,0,1.75,0.86,1.67,0,0,0,33.06,0,0,0,59.19,0,0,0,0,1,125962,PT_MORENA_PES,PVEM_PT_MORENA
921,21,9,0,0,0,4.78,3.59,3.99,46.39,3.12,1.42,3.37,0,0,0,33.35,0,0,0,0,0,0,0,0,1,142734,PT_MORENA_PES,MORENA
922,22,9,0,0,0,3.83,2.8,3.02,62.65,2.57,0.75,1.72,0,0,0,22.67,0,0,0,0,0,0,0,0,1,104827,PT_MORENA_PES,MORENA
923,23,9,0,0,0,0,0,4.25,0,1.18,0.6,1.8,0,0,0,50.83,0,0,0,41.35,0,0,0,0,1,198881,PT_MORENA_PES,PAN_PRI_PRD
924,24,9,0,0,0,3.17,2.03,3.31,32.97,1.21,0.63,1.74,0,0,0,54.96,0,0,0,0,0,0,0,0,1,188146,PT_MORENA_PES,PAN_PRI_PRD
1201,1,12,0,0,0,0,0,3.6,0,0.75,0.55,0.57,0,0,0,50.95,0,0,0,43.57,0,0,0,0,1,151749,PT_MORENA_PES,PAN_PRI_PRD
1202,2,12,10.24,23.3,13.23,4.36,3.68,2.41,33.51,1.88,1.84,5.56,0,0,0,0,0,0,0,0,0,0,0,0,0,158196,PT_MORENA_PES,MORENA
1203,3,12,0,0,0,0,0,1.76,0,2.62,1.28,0.72,0,0,0,43.21,0,0,0,50.4,0,0,0,0,1,181118,PT_MORENA_PES,PVEM_PT_MORENA
1204,4,12,0,0,0,1.55,1.11,6.43,55.5,1.89,0.88,2.12,0,0,0,30.53,0,0,0,0,0,0,0,0,1,146394,PT_MORENA_PES,MORENA
1205,5,12,0,0,0,0,0,5.45,0,3.13,1.1,0.78,0,0,0,34.31,0,0,0,55.24,0,0,0,0,1,164792,PT_MORENA_PES,PVEM_PT_MORENA
1206,6,12,0,0,0,0,0,2.44,0,1.31,1.23,0.48,0,0,0,58.79,0,0,0,35.75,0,0,0,0,1,167570,PT_MORENA_PES,PAN_PRI_PRD
1207,7,12,0,0,0,0,0,1.83,0,1.28,1.07,1.12,0,0,0,43.54,0,0,0,51.17,0,0,0,0,1,150626,PT_MORENA_PES,PVEM_PT_MORENA
1208,8,12,0,0,0,0,0,1.75,0,2.49,0.84,1.22,0,0,0,40.04,0,0,0,53.66,0,0,0,0,1,158229,PT_MORENA_PES,PVEM_PT_MORENA
1209,9,12,0,0,0,1.91,1.58,2.33,50.17,1.92,1.07,1.43,0,0,0,39.59,0,0,0,0,0,0,0,0,1,133880,PT_MORENA_PES,MORENA
2001,1,20,0,0,0,0,0,4.67,0,2.65,2.37,3.09,0,0,0,31.89,0,0,0,55.33,0,0,0,0,1,179391,PT_MORENA_PES,PVEM_PT_MORENA
2002,2,20,0,0,0,5.29,5.85,2.47,43.06,1.96,2.65,2.12,0,0,0,36.59,0,0,0,0,0,0,0,0,1,171227,PRI_PVEM_NA,MORENA
2003,3,20,0,0,0,0,0,3.03,0,2.5,2.03,6.5,0,0,0,26.95,0,0,0,58.99,0,0,0,0,1,159245,PT_MORENA_PES,PVEM_PT_MORENA
2004,4,20,0,0,0,0,0,2.77,0,2.17,1.56,2.96,0,0,0,26.19,0,0,0,64.35,0,0,0,0,1,139226,PT_MORENA_PES,PVEM_PT_MORENA
2005,5,20,0,0,0,0,0,2.01,0,2.05,1.85,2.6,0,0,0,21.79,0,0,0,69.7,0,0,0,0,1,153314,PT_MORENA_PES,PVEM_PT_MORENA
2006,6,20,0,0,0,4.27,12.82,2.04,45.38,3.18,1.97,3.88,0,0,0,26.47,0,0,0,0,0,0,0,0,1,141342,PT_MORENA_PES,MORENA
2007,7,20,0,0,0,0,0,2.27,0,3.02,2.01,2.26,0,0,0,32.17,0,0,0,58.26,0,0,0,0,1,182967,PT_MORENA_PES,PVEM_PT_MORENA
2008,8,20,0,0,0,0,0,3.87,0,4.44,1.73,4.18,0,0,0,31.35,0,0,0,54.42,0,0,0,0,1,160068,PT_MORENA_PES,PVEM_PT_MORENA
2009,9,20,0,0,0,0,0,1.76,0,1.67,2.92,2.33,0,0,0,43.42,0,0,0,47.91,0,0,0,0,1,168825,PT_MORENA_PES,PVEM_PT_MORENA
2010,10,20,0,0,0,8.49,5.8,2.25,42.81,2.28,1.61,3.53,0,0,0,33.23,0,0,0,0,0,0,0,0,1,162989,PT_MORENA_PES,MORENA
2101,1,21,0,0,0,0,0,10.81,0,3.91,1.87,2.34,0,0,0,38.97,0,0,0,42.1,0,0,0,0,1,190548,PT_MORENA_PES,PVEM_PT_MORENA
2102,2,21,0,0,0,0,0,3.21,0,1.9,2.69,4.28,0,0,0,41.66,0,0,0,46.25,0,0,0,0,1,196596,PT_MORENA_PES,PVEM_PT_MORENA
2103,3,21,0,0,0,0,0,10.56,0,4.44,2.22,5.31,0,0,0,35.12,0,0,0,42.35,0,0,0,0,1,184474,PT_MORENA_PES,PVEM_PT_MORENA
2104,4,21,0,0,0,0,0,5.49,0,5.01,3.68,2.83,0,0,0,38.1,0,0,0,44.89,0,0,0,0,1,179091,PT_MORENA_PES,PVEM_PT_MORENA
2105,5,21,0,0,0,0,0,7.9,0,5.22,3.78,5.2,0,0,0,31,0,0,0,46.9,0,0,0,0,1,160997,PT_MORENA_PES,PVEM_PT_MORENA
2106,6,21,0,0,0,0,0,3.48,0,1.59,1.22,2.51,0,0,0,40.85,0,0,0,50.35,0,0,0,0,1,120858,PT_MORENA_PES,PVEM_PT_MORENA
2107,7,21,0,0,0,0,0,6.17,0,3.3,4.74,4.77,0,0,0,31.32,0,0,0,49.7,0,0,0,0,1,171004,PT_MORENA_PES,PVEM_PT_MORENA
2108,8,21,0,0,0,0,0,12.03,0,2.25,1.29,3.62,0,0,0,38.48,0,0,0,42.33,0,0,0,0,1,190439,PT_MORENA_PES,PVEM_PT_MORENA
2109,9,21,0,0,0,0,0,2.56,0,1.19,0.94,1.84,0,0,0,49.81,0,0,0,43.66,0,0,0,0,1,150861,PT_MORENA_PES,PAN_PRI_PRD
2110,10,21,0,0,0,0,0,4.39,0,5.55,2.37,3.79,0,0,0,45.26,0,0,0,38.63,0,0,0,0,1,180861,PT_MORENA_PES,PAN_PRI_PRD
2111,11,21,0,0,0,0,0,3.13,0,1.88,1.62,2.37,0,0,0,46.74,0,0,0,44.26,0,0,0,0,1,131313,PT_MORENA_PES,PAN_PRI_PRD
2112,12,21,0,0,0,0,0,2.86,0,1.42,0.74,1.93,0,0,0,54.04,0,0,0,39.01,0,0,0,0,1,168036,PT_MORENA_PES,PAN_PRI_PRD
2113,13,21,0,0,0,0,0,4.49,0,3.02,3.82,4.73,0,0,0,35.27,0,0,0,48.67,0,0,0,0,1,170617,PT_MORENA_PES,PVEM_PT_MORENA
2114,14,21,0,0,0,0,0,3.27,0,2.87,2.63,3.12,0,0,0,37.9,0,0,0,50.21,0,0,0,0,1,190772,PT_MORENA_PES,PVEM_PT_MORENA
2115,15,21,0,0,0,0,0,4.22,0,4.7,1.23,5.87,0,0,0,27.3,0,0,0,56.68,0,0,0,0,1,149655,PT_MORENA_PES,PVEM_PT_MORENA
2701,1,27,0,0,0,12.97,0.96,1.59,61.13,4.95,1.91,0.78,0,0,0,15.72,0,0,0,0,0,0,0,0,1,137987,PT_MORENA_PES,MORENA
2702,2,27,0,0,0,3.78,2.11,1.27,59.52,1.82,1.71,0.84,0,0,0,28.95,0,0,0,0,0,0,0,0,1,156177,PRI_PVEM_NA,MORENA
2703,3,27,0,0,0,1.37,1.42,3.13,59.4,2.4,1.36,1.69,0,0,0,29.22,0,0,0,0,0,0,0,0,1,139033,PAN_PRD_MC,MORENA
2704,4,27,0,0,0,2.59,2.01,2.24,64.96,1.62,1.36,2.34,0,0,0,22.88,0,0,0,0,0,0,0,0,1,139821,PRI_PVEM_NA,MORENA
2705,5,27,0,0,0,9.47,5.39,3.88,53.5,2.54,5.39,5.87,0,0,0,13.96,0,0,0,0,0,0,0,0,1,169165,PT_MORENA_PES,MORENA
2706,6,27,0,0,0,4.5,1.24,7.97,62.54,1.59,1.3,2.37,0,0,0,18.48,0,0,0,0,0,0,0,0,1,142111,PAN_PRD_MC,MORENA
1601,1,16,0,0,0,3.73,8.06,1.55,54.94,1.09,1.54,1.75,0,0,0,27.35,0,0,0,0,0,0,0,0,1,125245,MORENA,MORENA
1602,2,16,0,0,0,10.16,8.7,4.88,23.85,9.15,1.18,4.84,0,0,0,37.26,0,0,0,0,0,0,0,0,1,154844,PT_MORENA_PES,PAN_PRI_PRD
1603,3,16,0,0,0,0,0,2.72,0,2.93,1.92,1.57,0,0,0,42.38,0,0,0,48.47,0,0,0,0,1,150686,PT_MORENA_PES,PVEM_PT_MORENA
1606,6,16,0,0,0,12.38,8.13,6.54,27.86,1.87,1.93,1.93,0,0,0,39.37,0,0,0,0,0,0,0,0,1,142378,PT_MORENA_PES,PAN_PRI_PRD
1607,7,16,0,0,0,5.77,4.58,5.88,32.05,6.52,1.88,3.49,0,0,0,39.83,0,0,0,0,0,0,0,0,1,139606,PT_MORENA_PES,PAN_PRI_PRD
1608,8,16,0,0,0,5.89,2.62,2.85,39.42,2.55,1.63,2.17,0,0,0,42.87,0,0,0,0,0,0,0,0,1,123086,PT_MORENA_PES,PAN_PRI_PRD
1610,10,16,0,0,0,5.72,2.51,2.68,30.76,1.66,1.23,1.72,0,0,0,53.73,0,0,0,0,0,0,0,0,1,152919,PT_MORENA_PES,PAN_PRI_PRD
1611,11,16,0,0,0,8.72,9.83,2.34,26.77,5.45,2.67,3.65,0,0,0,40.57,0,0,0,0,0,0,0,0,1,144180,PT_MORENA_PES,PAN_PRI_PRD
1302,2,13,0,0,0,0,0,1.53,0,2.27,2.42,2.02,0,0,0,38.15,0,0,0,53.6,0,0,0,0,1,138640,PT_MORENA_PES,PVEM_PT_MORENA
1303,3,13,0,0,0,2.62,2,1.78,46.98,1.8,1.4,1.77,0,0,0,41.65,0,0,0,0,0,0,0,0,1,135955,PT_MORENA_PES,MORENA
1304,4,13,0,0,0,0,0,3.19,0,1.94,1.68,2.58,0,0,0,41.11,0,0,0,49.5,0,0,0,0,1,120592,PT_MORENA_PES,PVEM_PT_MORENA
1306,6,13,0,0,0,0,0,3.2,0,1.31,1.02,2.18,0,0,0,43.4,0,0,0,48.9,0,0,0,0,1,166186,PT_MORENA_PES,PVEM_PT_MORENA
1307,7,13,0,0,0,1.87,1.53,2.08,47.97,1.24,1.85,1.82,0,0,0,41.64,0,0,0,0,0,0,0,0,1,135836,PT_MORENA_PES,MORENA
2201,1,22,39.03,22.62,1.05,6.36,0.95,1.61,20.75,1.57,2.19,3.87,0,0,0,0,0,0,0,0,0,0,0,0,0,145696,PT_MORENA_PES,PAN
2202,2,22,40.61,16.2,1.72,0,0,1.94,0,2.27,2.52,2.59,0,0,0,0,0,0,0,32.16,0,0,0,0,0,151524,PT_MORENA_PES,PAN
2203,3,22,47.13,10.04,0.94,0,0,2.27,0,1.45,1.01,1.63,0,0,0,0,0,0,0,35.53,0,0,0,0,0,177365,PT_MORENA_PES,PAN
2204,4,22,54.5,9.95,0.96,2.72,0.96,1.85,25.75,1.08,0.88,1.35,0,0,0,0,0,0,0,0,0,0,0,0,0,195016,PT_MORENA_PES,PAN
2205,5,22,49.32,16.85,1.05,4.13,1.47,1.73,20.96,1.33,1.33,1.83,0,0,0,0,0,0,0,0,0,0,0,0,0,194639,PAN_PRD_MC,PAN
3001,1,30,0,0,0,0,0,2.41,0,4.81,2.23,3.25,0,0,0,30.7,0,0,0,56.61,0,0,0,0,1,161754,PT_MORENA_PES,PVEM_PT_MORENA
3002,2,30,0,0,0,0,0,3.93,0,2.08,1.78,1.45,0,0,0,45.47,0,0,0,45.29,0,0,0,0,1,170601,PT_MORENA_PES,PAN_PRI_PRD
3003,3,30,0,0,0,0,0,9.06,0,2.45,1.8,7.21,0,0,0,29.3,0,0,0,50.19,0,0,0,0,1,143257,PT_MORENA_PES,PVEM_PT_MORENA
3005,5,30,0,0,0,0,0,5.33,0,4.16,2.71,4.8,0,0,0,31.86,0,0,0,51.14,0,0,0,0,1,129552,PT_MORENA_PES,PVEM_PT_MORENA
3006,6,30,0,0,0,7.06,3.98,10.38,36.81,2.81,2.19,1.8,0,0,0,34.97,0,0,0,0,0,0,0,0,1,182442,PT_MORENA_PES,MORENA
3007,7,30,0,0,0,6.99,5.05,7.41,37.5,5.52,5.66,3.55,0,0,0,28.33,0,0,0,0,0,0,0,0,1,162133,PT_MORENA_PES,MORENA
3008,8,30,0,0,0,0,0,12.47,0,2.36,3.92,7.55,0,0,0,27.64,0,0,0,46.07,0,0,0,0,1,209751,PT_MORENA_PES,PVEM_PT_MORENA
3009,9,30,0,0,0,4.31,3.59,8.48,34.84,2.31,4.32,2.46,0,0,0,39.68,0,0,0,0,0,0,0,0,1,174700,PAN_PRD_MC,PAN_PRI_PRD
3010,10,30,0,0,0,3.01,2.26,7.15,42.2,2.51,1.55,2.25,0,0,0,39.07,0,0,0,0,0,0,0,0,1,169500,PT_MORENA_PES,MORENA
3013,13,30,0,0,0,0,0,10.16,0,1.86,1.22,2.56,0,0,0,39.44,0,0,0,44.77,0,0,0,0,1,191504,PAN_PRD_MC,PVEM_PT_MORENA
3014,14,30,0,0,0,0,0,2.57,0,3.4,2.03,3.92,0,0,0,25.51,0,0,0,62.58,0,0,0,0,1,154776,PAN_PRD_MC,PVEM_PT_MORENA
3015,15,30,0,0,0,0,0,8.36,0,2.88,2.19,1.65,0,0,0,42.22,0,0,0,42.71,0,0,0,0,1,186540,PT_MORENA_PES,PVEM_PT_MORENA
3016,16,30,0,0,0,0,0,6.41,0,2.18,2.54,4.14,0,0,0,33.24,0,0,0,51.49,0,0,0,0,1,181187,PT_MORENA_PES,PVEM_PT_MORENA
3017,17,30,0,0,0,0,0,8.92,0,2.8,3.43,4.81,0,0,0,25.24,0,0,0,54.8,0,0,0,0,1,169149,PT_MORENA_PES,PVEM_PT_MORENA
3018,18,30,0,0,0,0,0,4.78,0,4.52,4.11,4.63,0,0,0,33.18,0,0,0,48.79,0,0,0,0,1,193812,PAN,PVEM_PT_MORENA
3019,19,30,0,0,0,0,0,16.29,0,3.45,4.48,2.97,0,0,0,22.11,0,0,0,50.7,0,0,0,0,1,173593,PAN,PVEM_PT_MORENA
3020,20,30,0,0,0,1.85,1.86,5.74,51.82,3.43,3.9,4.25,0,0,0,27.15,0,0,0,0,0,0,0,0,1,181144,PAN,MORENA
301,1,3,0,0,0,0,0,3.66,0,2.31,1.03,2.66,0,0,0,45.45,0,0,0,44.89,0,0,0,0,1,157250,PT_MORENA_PES,PAN_PRI_PRD
302,2,3,0,0,0,0,0,3.16,0,2.28,2.41,4.92,0,0,0,36.93,0,0,0,50.3,0,0,0,0,1,107518,PT_MORENA_PES,PVEM_PT_MORENA
801,1,8,0,0,0,3.34,2.13,8.12,54.35,2.36,0.9,1.79,0,0,0,27.02,0,0,0,0,0,0,0,0,1,96017,PT_MORENA_PES,MORENA
802,2,8,0,0,0,0,0,8.74,0,2.39,0.67,1.99,0,0,0,36.27,0,0,0,49.93,0,0,0,0,1,113224,PT_MORENA_PES,PVEM_PT_MORENA
803,3,8,0,0,0,0,0,7.74,0,2.86,0.81,1.93,0,0,0,27.99,0,0,0,58.66,0,0,0,0,1,89756,PT_MORENA_PES,PVEM_PT_MORENA
804,4,8,0,0,0,0,0,6.75,0,2.06,1.02,1.54,0,0,0,47.73,0,0,0,40.89,0,0,0,0,1,145184,PT_MORENA_PES,PAN_PRI_PRD
805,5,8,0,0,0,0,0,11.28,0,2.53,0.6,0.76,0,0,0,61.95,0,0,0,22.88,0,0,0,0,1,155394,PT_MORENA_PES,PAN_PRI_PRD
806,6,8,61.44,6.17,0.64,2.05,1,5.7,20.55,1.36,0.36,0.73,0,0,0,0,0,0,0,0,0,0,0,0,0,185322,PT_MORENA_PES,PAN
807,7,8,0,0,0,0,0,8.51,0,1.99,1.04,0.96,0,0,0,59.8,0,0,0,27.69,0,0,0,0,1,113515,PT_MORENA_PES,PAN_PRI_PRD
808,8,8,47.61,6.62,1,0,0,6.57,0,1.79,0.69,0.99,0,0,0,0,0,0,0,34.74,0,0,0,0,0,152682,PAN_PRD_MC,PAN
809,9,8,0,0,0,0,0,17.07,0,4.38,0.72,1.32,0,0,0,54.57,0,0,0,21.94,0,0,0,0,1,110174,PT_MORENA_PES,PAN_PRI_PRD
1001,1,10,0,0,0,0,0,3.45,0,1.57,2.24,1.4,0,0,0,51.78,0,0,0,39.55,0,0,0,0,1,135369,PT_MORENA_PES,PAN_PRI_PRD
1002,2,10,0,0,0,0,0,2.99,0,1.55,0.58,1.09,0,0,0,40.84,0,0,0,52.95,0,0,0,0,1,131864,PAN_PRD_MC,PVEM_PT_MORENA
1003,3,10,0,0,0,0,0,3.66,0,1.54,2.49,1.23,0,0,0,43.94,0,0,0,47.14,0,0,0,0,1,139230,MORENA,PVEM_PT_MORENA
1004,4,10,0,0,0,0,0,11.1,0,2.25,10.21,2.42,0,0,0,43.48,0,0,0,30.53,0,0,0,0,1,133027,MORENA,PAN_PRI_PRD
601,1,6,0,0,0,12.8,2.49,18.31,28.79,2.27,1.07,2.81,0,0,0,31.46,0,0,0,0,0,0,0,0,1,156921,PT_MORENA_PES,PAN_PRI_PRD
602,2,6,0,0,0,23.02,2.59,7.33,34.93,4.18,1.1,3.86,0,0,0,23.01,0,0,0,0,0,0,0,0,1,127305,PT_MORENA_PES,MORENA
1101,1,11,33.69,23.28,5.09,5.31,2.37,1.75,18.43,3.5,2.3,4.28,0,0,0,0,0,0,0,0,0,0,0,0,0,130050,MORENA,PAN
1102,2,11,32.95,16.45,2.65,4.93,5.8,4.99,24.37,3.38,1.16,3.33,0,0,0,0,0,0,0,0,0,0,0,0,0,126912,MORENA,PAN
1103,3,11,66.11,7.06,0.73,3.23,0.58,3.44,17.16,0.66,0.4,0.63,0,0,0,0,0,0,0,0,0,0,0,0,0,149746,MORENA,PAN
1104,4,11,46.03,9.71,1.57,14.08,2.51,3.28,14.98,1.16,4.6,2.07,0,0,0,0,0,0,0,0,0,0,0,0,0,119590,PAN_PRD_MC,PAN
1105,5,11,57.28,8.65,0.78,3.76,0.83,3.35,22.75,1.14,0.45,1.02,0,0,0,0,0,0,0,0,0,0,0,0,0,125132,PT_MORENA_PES,PAN
1106,6,11,59.76,7.57,0.78,3.57,0.72,3.13,22.47,0.8,0.45,0.76,0,0,0,0,0,0,0,0,0,0,0,0,0,133132,PT_MORENA_PES,PAN
1107,7,11,46.87,21.1,1.32,6.55,0.8,3.79,18.13,0.71,0.29,0.44,0,0,0,0,0,0,0,0,0,0,0,0,0,122730,PAN_PRD_MC,PAN
1108,8,11,0,0,0,4.99,3.26,8.08,33.28,1.43,2.82,2.75,0,0,0,43.38,0,0,0,0,0,0,0,0,1,149262,PAN_PRD_MC,PAN_PRI_PRD
1109,9,11,44.26,12.27,1.16,3.9,0.94,3.32,30.24,1.38,1.03,1.5,0,0,0,0,0,0,0,0,0,0,0,0,0,108419,PAN_PRD_MC,PAN
1110,10,11,27.58,14.88,3.77,9.7,1.33,8.73,28.52,2.58,1.85,1.06,0,0,0,0,0,0,0,0,0,0,0,0,0,140388,PAN_PRD_MC,MORENA
1111,11,11,55.7,8.06,1.08,3.77,0.8,3.22,24.77,0.95,0.61,1.05,0,0,0,0,0,0,0,0,0,0,0,0,0,117430,PT_MORENA_PES,PAN
1112,12,11,40.66,10.41,1.68,4.2,3.31,4.01,31.91,1.49,0.86,1.46,0,0,0,0,0,0,0,0,0,0,0,0,0,137274,PT_MORENA_PES,PAN
1113,13,11,32.15,17.08,1.95,0,0,5.07,0,1.57,6.02,2.39,0,0,0,0,0,0,0,33.76,0,0,0,0,0,140206,PT_MORENA_PES,PVEM_PT_MORENA
1114,14,11,33.65,15.93,2.71,7.76,2.75,6.38,23.64,3.52,1.67,1.99,0,0,0,0,0,0,0,0,0,0,0,0,0,126141,PT_MORENA_PES,PAN
1115,15,11,43.89,9.92,1.47,2.5,0.99,4.13,33.9,1.07,1.03,1.08,0,0,0,0,0,0,0,0,0,0,0,0,0,107763,PT_MORENA_PES,PAN
1401,1,14,0,0,0,0,0,27.31,0,1.89,0.63,1.47,0,0,0,42.46,0,0,0,26.24,0,0,0,0,1,158732,PAN_PRD_MC,PAN_PRI_PRD
1402,2,14,0,0,0,5.64,0.67,34.32,13.6,2.41,1.33,1.3,0,0,0,40.73,0,0,0,0,0,0,0,0,1,138897,PAN_PRD_MC,PAN_PRI_PRD
1403,3,14,0,0,0,3.43,0.84,24.26,11.4,2.61,0.36,4.15,0,0,0,52.94,0,0,0,0,0,0,0,0,1,163323,PT_MORENA_PES,PAN_PRI_PRD
1404,4,14,0,0,0,0,0,35.42,0,2.61,0.89,2.21,0,0,0,28.27,0,0,0,30.59,0,0,0,0,1,125997,PAN_PRD_MC,MC
1405,5,14,0,0,0,0,0,29.26,0,2.18,1.18,1.04,0,0,0,14.88,0,0,0,51.47,0,0,0,0,1,138597,PAN_PRD_MC,PVEM_PT_MORENA
1406,6,14,0,0,0,0,0,41.01,0,2.04,0.66,1.96,0,0,0,28.95,0,0,0,25.37,0,0,0,0,1,148315,PT_MORENA_PES,MC
1407,7,14,0,0,0,0,0,21.27,0,3.07,1.17,2.74,0,0,0,33.36,0,0,0,38.4,0,0,0,0,1,100420,PT_MORENA_PES,PVEM_PT_MORENA
1408,8,14,0,0,0,0,0,39.6,0,1.48,0.52,2.23,0,0,0,34.44,0,0,0,21.73,0,0,0,0,1,168840,PT_MORENA_PES,MC
1409,9,14,0,0,0,0,0,30.97,0,2.43,0.83,2.63,0,3.14,0,24.39,0,0,0,35.63,0,0,0,0,1,125286,PAN_PRD_MC,PVEM_PT_MORENA
1410,10,14,0,0,0,0,0,44.41,0,1.28,0.53,1.26,0,0,0,35.7,0,0,0,16.82,0,0,0,0,1,152805,PT_MORENA_PES,MC
1411,11,14,0,0,0,0,0,31.87,0,3.81,0.85,2.89,0,0,0,26.63,0,0,0,33.96,0,0,0,0,1,138991,PT_MORENA_PES,PVEM_PT_MORENA
1412,12,14,0,0,0,0,0,37.36,0,3.17,0.96,1.54,0,0,0,23.88,0,0,0,33.08,0,0,0,0,1,136504,PAN_PRD_MC,MC
1413,13,14,0,0,0,0,0,35.43,0,2.12,0.99,1.95,0,0,0,32.29,0,0,0,27.23,0,0,0,0,1,126664,PAN_PRD_MC,MC
1414,14,14,0,0,0,0,0,33.71,0,2.32,0.77,2.63,0,0,0,29.73,0,0,0,30.85,0,0,0,0,1,150502,PAN_PRD_MC,MC
1415,15,14,0,0,0,0,0,27.89,0,3.49,4.43,2.67,0,0,0,33.49,0,0,0,28.03,0,0,0,0,1,150626,PAN_PRD_MC,PAN_PRI_PRD
1416,16,14,0,0,0,0,0,25.28,0,3.99,1.57,1.94,0,0,0,30.38,0,0,0,36.83,0,0,0,0,1,120380,PAN_PRD_MC,PVEM_PT_MORENA
1417,17,14,0,0,0,0,0,29.42,0,3.58,0.51,4.15,0,0,0,27.84,0,0,0,34.49,0,0,0,0,1,149717,PAN_PRD_MC,PVEM_PT_MORENA
1418,18,14,0,0,0,0,0,28.06,0,1.62,0.4,1.67,0,0,0,40.87,0,0,0,27.38,0,0,0,0,1,131840,PAN_PRD_MC,PAN_PRI_PRD
1419,19,14,0,0,0,0,0,31.04,0,1.89,0.9,4.26,0,0,0,28.29,0,0,0,33.61,0,0,0,0,1,163265,PAN_PRD_MC,PVEM_PT_MORENA
1420,20,14,0,0,0,0,0,28.54,0,2.91,1.02,2.19,0,0,0,34.01,0,0,0,31.34,0,0,0,0,1,121502,PAN_PRD_MC,PAN_PRI_PRD
701,1,7,0,0,0,0,0,2.31,0,5.2,7.24,1.27,0,0,0,7.85,0,0,0,76.13,0,0,0,0,1,179456,PT_MORENA_PES,PVEM_PT_MORENA
703,3,7,0,0,0,34.36,12.5,1.49,42.85,2.37,2.6,0.76,0,0,0,3.08,0,0,0,0,0,0,0,0,1,161798,PT_MORENA_PES,MORENA
705,5,7,0,0,0,0,0,3.68,0,6.14,3.75,1.98,0,0,0,44.08,0,0,0,40.36,0,0,0,0,1,159063,PT_MORENA_PES,PAN_PRI_PRD
709,9,7,0,0,0,0,0,11.3,0,3.62,5.04,1.84,0,0,0,27.3,0,0,0,50.91,0,0,0,0,1,128023,PT_MORENA_PES,PVEM_PT_MORENA
711,11,7,0,0,0,0,0,1.93,0,18.46,1.81,1.29,0,0,0,11.03,0,0,0,65.48,0,0,0,0,1,140231,PT_MORENA_PES,PVEM_PT_MORENA
712,12,7,0,0,0,13.79,7.33,2.68,46.21,5.81,3.13,1.26,0,0,0,19.79,0,0,0,0,0,0,0,0,1,146593,PT_MORENA_PES,MORENA
708,8,7,0,0,0,0,0,3.56,0,4.08,2.47,1.8,0,0,0,19.05,0,0,0,69.04,0,0,0,0,1,148611,PT_MORENA_PES,PVEM_PT_MORENA
706,6,7,0,0,0,0,0,5.81,0,3.57,2.83,2.56,0,0,0,18.3,0,0,0,66.94,0,0,0,0,1,165143,PAN_PRD_MC,PVEM_PT_MORENA
702,2,7,0,0,0,0,0,1.64,0,7.73,1.64,2.59,0,0,0,34.67,0,0,0,51.72,0,0,0,0,1,157992,PT_MORENA_PES,PVEM_PT_MORENA
704,4,7,0,0,0,21.02,5.91,3.09,39.35,5.54,3.66,1.41,0,0,0,20.03,0,0,0,0,0,0,0,0,1,174532,PT_MORENA_PES,MORENA
707,7,7,0,0,0,0,0,2.2,0,7.64,6.82,1.9,0,0,0,13.56,0,0,0,67.87,0,0,0,0,1,160668,PT_MORENA_PES,PVEM_PT_MORENA
710,10,7,0,0,0,0,0,2.56,0,8.71,1.95,1.3,0,0,0,11.12,0,0,0,74.37,0,0,0,0,1,156248,PT_MORENA_PES,PVEM_PT_MORENA
713,13,7,0,0,0,0,0,2.02,0,9.92,5.51,0.9,0,0,0,14.71,0,0,0,66.94,0,0,0,0,1,151279,PT_MORENA_PES,PVEM_PT_MORENA
1801,1,18,0,0,0,0,0,19.22,0,2.54,2.48,3.26,0,0,0,23.23,0,0,0,49.27,0,0,0,0,1,142199,PRI_PVEM_NA,PVEM_PT_MORENA
1802,2,18,0,0,0,0,0,16.09,0,4.49,3.18,2.68,0,0,0,20.5,0,0,0,53.07,0,0,0,0,1,155335,PAN_PRD_MC,PVEM_PT_MORENA
1803,3,18,0,0,0,0,0,13.59,0,1.84,3.35,3.55,0,0,0,28.98,0,0,0,48.69,0,0,0,0,1,134154,PRI_PVEM_NA,PVEM_PT_MORENA
3004,4,30,0,0,0,0,0,3.34,0,1.3,1.11,1.28,0,0,0,43.67,0,0,0,49.32,0,0,0,0,1,148284,PT_MORENA_PES,PVEM_PT_MORENA
3011,11,30,0,0,0,2.43,1.99,6.04,58.84,2.54,0.95,3.4,0,0,0,23.81,0,0,0,0,0,0,0,0,1,155253,PT_MORENA_PES,MORENA
3012,12,30,0,0,0,0,0,5.93,0,1.47,1.6,1.7,0,0,0,49.47,0,0,0,39.83,0,0,0,0,1,182322,PT_MORENA_PES,PAN_PRI_PRD
201,1,2,0,0,0,0,0,6.58,0,15.55,1.2,2.02,0,0,0,24.86,0,0,0,49.8,0,0,0,0,1,119582,PT_MORENA_PES,PVEM_PT_MORENA
202,2,2,23.39,6.67,1.05,1.93,1.29,5.69,40.74,15.85,1.6,1.78,0,0,0,0,0,0,0,0,0,0,0,0,0,130491,PT_MORENA_PES,MORENA
205,5,2,0,0,0,2.48,2.15,4.4,40.23,17.85,1.64,2.06,0,0,0,29.17,0,0,0,0,0,0,0,0,1,136469,PT_MORENA_PES,MORENA
203,3,2,0,0,0,0,0,3.96,0,13.16,2.86,11,0,0,0,20.92,0,0,0,48.1,0,0,0,0,1,130010,PT_MORENA_PES,PVEM_PT_MORENA
204,4,2,0,0,0,3.01,3.43,4.33,58.24,14.29,1.46,1.91,0,0,0,13.33,0,0,0,0,0,0,0,0,1,112318,PT_MORENA_PES,MORENA
206,6,2,0,0,0,2.64,1.43,4.49,41.13,20,1.27,1.9,0,0,0,27.13,0,0,0,0,0,0,0,0,1,119444,PT_MORENA_PES,MORENA
207,7,2,0,0,0,0,0,5.51,0,17.22,2.49,4.74,0,0,0,18.46,0,0,0,51.59,0,0,0,0,1,116207,PT_MORENA_PES,PVEM_PT_MORENA
208,8,2,0,0,0,0,0,3.9,0,18.36,1.18,1.89,0,0,0,18.43,0,0,0,56.25,0,0,0,0,1,105759,PT_MORENA_PES,PVEM_PT_MORENA
101,1,1,0,0,0,6.5,3.99,3.56,26.29,1.75,1.21,4.71,0,0,0,51.98,0,0,0,0,0,0,0,0,1,179540,PT_MORENA_PES,PAN_PRI_PRD
102,2,1,46.53,7.41,2.56,0,0,4.52,0,1.81,0.78,2.04,0,0,0,0,0,0,0,34.35,0,0,0,0,0,132917,PT_MORENA_PES,PAN
103,3,1,57.85,7.43,1.53,0,0,3.98,0,1.24,0.54,1.76,0,0,0,0,0,0,0,25.67,0,0,0,0,0,173259,PT_MORENA_PES,PAN
401,1,4,0,0,0,1.46,1.95,22.77,37.73,0.92,1.43,0.7,0,0,0,33.05,0,0,0,0,0,0,0,0,1,205547,PT_MORENA_PES,MORENA
402,2,4,0,0,0,1.34,1.73,15.28,46.33,0.8,0.9,0.42,0,0,0,33.21,0,0,0,0,0,0,0,0,1,175769,PAN_PRD_MC,MORENA
504,4,5,11.06,49.99,0.63,0,0,2.09,0,0.61,0.28,0.84,0,0,0,0,0,0,0,34.49,0,0,0,0,0,174215,PT_MORENA_PES,PRI
505,5,5,23.11,39.49,0.58,0,0,0.97,0,0.39,0.33,0.75,0,0,0,0,0,0,0,34.36,0,0,0,0,0,182781,PT_MORENA_PES,PRI
507,7,5,7.48,45,3.52,1.92,1.13,2.53,34.22,0.92,0.44,2.83,0,0,0,0,0,0,0,0,0,0,0,0,0,170709,PT_MORENA_PES,PRI
501,1,5,11.82,31.9,0.55,0,0,1.74,0,1,0.57,1.39,0,0,0,0,0,0,0,51.03,0,0,0,0,0,171926,PT_MORENA_PES,PVEM_PT_MORENA
502,2,5,9.49,39.33,1.04,0,0,1.7,0,0.99,0.45,1.63,0,0,0,0,0,0,0,45.37,0,0,0,0,0,190165,PT_MORENA_PES,PVEM_PT_MORENA
503,3,5,28.8,32.2,0.52,0,0,2.84,0,0.6,0.31,4.34,0,0,0,0,0,0,0,30.4,0,0,0,0,0,181802,PT_MORENA_PES,PRI
506,6,5,12.04,42.88,1.37,0,0,1.15,0,0.59,0.37,2.92,0,0,0,0,0,0,0,38.68,0,0,0,0,0,184898,PT_MORENA_PES,PRI
1305,5,13,0,0,0,0,0,2.71,0,1.38,2.05,2.2,0,0,0,38.3,0,0,0,53.35,0,0,0,0,1,150379,PT_MORENA_PES,PVEM_PT_MORENA
1301,1,13,0,0,0,0,0,1.43,0,9.71,2.13,1.29,0,0,0,43.49,0,0,0,41.95,0,0,0,0,1,155882,PT_MORENA_PES,PAN_PRI_PRD
1501,1,15,0,0,0,0,0,3.24,0,2.27,2.49,2.63,0,0,0,46.05,0,0,0,43.33,0,0,0,0,1,216217,PAN_PRD_MC,PAN_PRI_PRD
1502,2,15,0,0,0,0,0,5.73,0,2.35,3.01,2.42,0,0,0,35.77,0,0,0,50.72,0,0,0,0,1,124515,PAN_PRD_MC,PVEM_PT_MORENA
1503,3,15,0,0,0,0,0,8.1,0,3.98,1.44,4.12,0,0,0,43.24,0,0,0,39.12,0,0,0,0,1,200378,PAN_PRD_MC,PAN_PRI_PRD
1504,4,15,17.01,28.62,1.52,0,0,4.07,0,2.34,2.98,2.39,0,0,0,0,0,0,0,41.07,0,0,0,0,0,157204,PAN_PRD_MC,PVEM_PT_MORENA
1506,6,15,0,0,0,0,0,4.75,0,2.22,4.16,2.83,0,0,0,40.34,0,0,0,45.69,0,0,0,0,1,146741,PAN_PRD_MC,PVEM_PT_MORENA
1507,7,15,0,0,0,5.22,1.62,3.97,37.41,1.36,1.21,1.6,0,0,0,47.61,0,0,0,0,0,0,0,0,1,170008,PAN_PRD_MC,PAN_PRI_PRD
1508,8,15,12.7,26.07,2.33,4.96,1.73,3.3,43.62,1.6,0.79,2.88,0,0,0,0,0,0,0,0,0,0,0,0,0,123445,PAN_PRD_MC,MORENA
1509,9,15,0,0,0,7.07,1.59,8.29,24.36,2.16,0.99,0.74,0,0,0,54.79,0,0,0,0,0,0,0,0,1,178245,PAN_PRD_MC,PAN_PRI_PRD
1510,10,15,8.58,26.13,6.99,2.58,1.36,2.6,47.13,1.48,0.94,2.22,0,0,0,0,0,0,0,0,0,0,0,0,0,118194,PAN_PRD_MC,MORENA
1511,11,15,8.68,29.85,4.82,3.47,1.5,2.77,44.11,1.46,1.19,2.16,0,0,0,0,0,0,0,0,0,0,0,0,0,126481,PT_MORENA_PES,MORENA
1512,12,15,5.14,35.19,1.51,0,0,3.32,0,1.36,0.81,4.58,0,0,0,0,0,0,0,48.09,0,0,0,0,0,129099,PAN_PRD_MC,PVEM_PT_MORENA
1513,13,15,10.1,28,4.26,3.1,1.38,2.95,46.2,1.43,0.75,1.83,0,0,0,0,0,0,0,0,0,0,0,0,0,127335,PAN_PRD_MC,MORENA
1514,14,15,0,0,0,0,0,3.42,0,1.38,0.82,1.9,0,0,0,53.3,0,0,0,39.17,0,0,0,0,1,157899,PAN_PRD_MC,PAN_PRI_PRD
1515,15,15,0,0,0,0,0,2.91,0,1.48,0.99,2.45,0,0,0,54.4,0,0,0,37.78,0,0,0,0,1,156834,PAN_PRD_MC,PAN_PRI_PRD
1516,16,15,10.05,28.87,2.78,0,0,2.47,0,1.73,0.71,1.7,0,0,0,0,0,0,0,51.69,0,0,0,0,0,127486,PAN_PRD_MC,PVEM_PT_MORENA
1517,17,15,9.52,29.31,3.3,2.77,2.31,2.87,45.52,1.66,0.93,1.82,0,0,0,0,0,0,0,0,0,0,0,0,0,117996,PAN_PRD_MC,MORENA
1519,19,15,0,0,0,2.68,1.31,2.96,36.63,1.13,0.7,2.03,0,0,0,52.57,0,0,0,0,0,0,0,0,1,168980,PAN_PRD_MC,PAN_PRI_PRD
1520,20,15,0,0,0,2.03,1.27,19.71,41.48,1.18,0.57,1.21,0,0,0,32.55,0,0,0,0,0,0,0,0,1,142537,PAN_PRD_MC,MORENA
1521,21,15,5.37,27.03,4.46,8.35,1.27,7.01,36.54,3.36,2.48,4.13,0,0,0,0,0,0,0,0,0,0,0,0,0,156808,PAN_PRD_MC,MORENA
1522,22,15,40.64,18.69,1.32,2.05,2.02,4.08,26.73,1.68,1.25,1.53,0,0,0,0,0,0,0,0,0,0,0,0,0,185087,PT_MORENA_PES,PAN
1523,23,15,8.76,33.47,2.55,8.79,3.05,1.62,33.98,3.43,1.61,2.74,0,0,0,0,0,0,0,0,0,0,0,0,0,187004,PAN_PRD_MC,MORENA
1524,24,15,0,0,0,0,0,5.7,0,3.44,1.04,1.98,0,0,0,44.45,0,0,0,43.39,0,0,0,0,1,146537,PAN_PRD_MC,PAN_PRI_PRD
1525,25,15,3.14,38.04,1.38,1.85,1.68,1.83,48.89,1.26,0.6,1.32,0,0,0,0,0,0,0,0,0,0,0,0,0,117569,PAN_PRD_MC,MORENA
1527,27,15,0,0,0,0,0,6.23,0,2.5,2.18,3.14,0,0,0,51.55,0,0,0,34.4,0,0,0,0,1,203214,PT_MORENA_PES,PAN_PRI_PRD
1528,28,15,19.29,18.99,6.62,7.33,1.66,2.23,34.18,1.22,1.24,7.25,0,0,0,0,0,0,0,0,0,0,0,0,0,168847,PT_MORENA_PES,MORENA
1529,29,15,0,0,0,1.74,1.54,20.14,41.92,1.63,0.67,2.2,0,0,0,30.18,0,0,0,0,0,0,0,0,1,149971,PT_MORENA_PES,MORENA
1530,30,15,3.26,40.34,2.41,0,0,1.54,0,2.12,0.79,2.81,0,0,0,0,0,0,0,46.72,0,0,0,0,0,127006,PT_MORENA_PES,PVEM_PT_MORENA
1531,31,15,0,0,0,2.01,1.62,22.07,44.15,1.63,0.62,1.53,0,0,0,26.36,0,0,0,0,0,0,0,0,1,141322,PRI_PVEM_NA,MORENA
1532,32,15,0,0,0,0,0,3.47,0,1.71,1.55,2.19,0,0,0,33.77,0,0,0,57.31,0,0,0,0,1,127363,PT_MORENA_PES,PVEM_PT_MORENA
1533,33,15,0,0,0,5.73,2.28,5.18,45.25,2.04,1.69,2.06,0,0,0,35.76,0,0,0,0,0,0,0,0,1,127962,PT_MORENA_PES,MORENA
1534,34,15,0,0,0,0,0,2.81,0,2.07,1.41,2.27,0,0,0,51.9,0,0,0,39.54,0,0,0,0,1,186953,PT_MORENA_PES,PAN_PRI_PRD
1537,37,15,13.05,18.77,1.73,6.91,1.63,8.66,39.33,3.54,3.34,3.02,0,0,0,0,0,0,0,0,0,0,0,0,0,157533,PT_MORENA_PES,MORENA
1538,38,15,8.88,23.85,3.15,13.13,1.16,2.31,41.45,2.36,1.25,2.46,0,0,0,0,0,0,0,0,0,0,0,0,0,155986,PT_MORENA_PES,MORENA
1539,39,15,0,0,0,0,0,2.49,0,1.94,1.15,5.54,0,0,0,47.45,0,0,0,41.44,0,0,0,0,1,126872,PT_MORENA_PES,PAN_PRI_PRD
1505,5,15,19.15,31.65,1.5,0,0,1.96,0,2.01,2.73,2.37,0,0,0,0,0,0,0,38.63,0,0,0,0,0,174556,PAN_PRD_MC,PVEM_PT_MORENA
1518,18,15,37.94,23.37,3.55,2.29,1.42,3.05,24.1,1.39,0.62,2.26,0,0,0,0,0,0,0,0,0,0,0,0,0,200639,PAN_PRD_MC,PAN
1526,26,15,0,0,0,0,0,2.71,0,3.02,1.31,2.07,0,0,0,46.89,0,0,0,43.99,0,0,0,0,1,170832,PAN_PRD_MC,PAN_PRI_PRD
1540,40,15,0,0,0,12.62,3.3,3.85,30.06,3.4,1.26,2.32,0,0,0,43.18,0,0,0,0,0,0,0,0,1,176244,PT_MORENA_PES,PAN_PRI_PRD
1541,41,15,0,0,0,0,0,2.61,0,1.19,0.6,1.56,0,0,0,48.74,0,0,0,45.3,0,0,0,0,1,189738,PT_MORENA_PES,PAN_PRI_PRD
1535,35,15,0,0,0,0,0,7.68,0,4.06,1.95,3.32,0,0,0,38.38,0,0,0,44.6,0,0,0,0,1,170178,PRI_PVEM_NA,PVEM_PT_MORENA
1536,36,15,0,0,0,6.88,1.64,2.17,34.04,2.16,1.46,2.27,0,0,0,49.37,0,0,0,0,0,0,0,0,1,195174,PT_MORENA_PES,PAN_PRI_PRD
1612,12,16,0,0,0,0,0,2.97,0,2.58,2.2,4.92,0,0,0,38.14,0,0,0,49.21,0,0,0,0,1,107120,PT_MORENA_PES,PVEM_PT_MORENA
1609,9,16,0,0,0,3.03,3.22,1.89,43.2,0.92,0.53,1.16,8.3,0,0,37.75,0,0,0,0,0,0,0,0,1,103833,PT_MORENA_PES,MORENA
1605,5,16,0,0,0,4.28,5.62,7.83,27.27,3.12,0.78,2.26,0,0,0,48.85,0,0,0,0,0,0,0,0,1,122098,PT_MORENA_PES,PAN_PRI_PRD
1604,4,16,0,0,0,6.98,3.9,7.28,28.27,2.84,1.54,3.62,0,0,0,45.58,0,0,0,0,0,0,0,0,1,145695,PAN_PRD_MC,PAN_PRI_PRD
1701,1,17,29.26,10.51,3.25,3.78,3.2,3.37,31.61,2.85,1.57,10.59,0,0,0,0,0,0,0,0,0,0,0,0,0,145081,PAN_PRD_MC,MORENA
1702,2,17,14.07,10.08,7.39,0,0,7.25,0,2.76,8.03,6.74,0,0,0,0,0,0,0,43.68,0,0,0,0,0,134535,PT_MORENA_PES,PVEM_PT_MORENA
1703,3,17,11.75,9.24,2.63,3.84,6.18,9.04,37.1,11.41,4.49,4.32,0,0,0,0,0,0,0,0,0,0,0,0,0,144693,PAN_PRD_MC,MORENA
1704,4,17,5.3,7.08,1.96,0,0,7.47,0,2.06,20.31,15.86,0,0,0,0,0,0,0,39.97,0,0,0,0,0,153740,PT_MORENA_PES,PVEM_PT_MORENA
1705,5,17,12.53,11.12,1.77,5.56,6.78,8.15,32.98,7.2,5.91,8,0,0,0,0,0,0,0,0,0,0,0,0,0,161941,PT_MORENA_PES,MORENA
2302,2,23,0,0,0,0,0,5.31,0,2.26,3.62,5.3,0,0,0,29.26,0,0,0,54.26,0,0,0,0,1,147049,PT_MORENA_PES,PVEM_PT_MORENA
2303,3,23,0,0,0,0,0,2.94,0,7.82,1.43,11.52,0,0,0,18.1,0,0,0,58.18,0,0,0,0,1,97183,PT_MORENA_PES,PVEM_PT_MORENA
2301,1,23,0,0,0,0,0,3.77,0,2.6,1.54,6.54,0,0,0,35.94,0,0,0,49.61,0,0,0,0,1,156672,PT_MORENA_PES,PVEM_PT_MORENA
2304,4,23,0,0,0,0,0,3.46,0,4,1.21,10.76,0,0,0,35.33,0,0,0,45.24,0,0,0,0,1,141038,PT_MORENA_PES,PVEM_PT_MORENA
3101,1,31,38.98,29.1,1.03,1.61,1.16,1.6,23.97,0.95,0.53,1.08,0,0,0,0,0,0,0,0,0,0,0,0,0,220028,PT_MORENA_PES,PAN
3102,2,31,26.36,22.77,3.53,0,0,4.88,0,3.04,0.63,1.82,0,0,0,0,0,0,0,36.96,0,0,0,0,0,203410,PT_MORENA_PES,PVEM_PT_MORENA
3103,3,31,33.27,27.53,0.81,1.09,0.89,1.92,31.9,0.96,0.42,1.22,0,0,0,0,0,0,0,0,0,0,0,0,0,155605,PT_MORENA_PES,PAN
3104,4,31,49.77,17.42,0.68,1.01,0.66,2.55,25.3,0.95,0.34,1.3,0,0,0,0,0,0,0,0,0,0,0,0,0,188670,PRI,PAN
3105,5,31,30.04,23.64,4.8,0,0,4.22,0,1.31,0.6,1.92,0,0,0,0,0,0,0,33.48,0,0,0,0,0,219448,PT_MORENA_PES,PVEM_PT_MORENA
2901,1,29,0,0,0,0,0,2.81,0,2.38,4.66,3.67,0,0,15.26,33.28,0,0,0,37.93,0,0,0,0,1,194532,PT_MORENA_PES,PVEM_PT_MORENA
2902,2,29,0,0,0,0,0,5.8,0,2.63,4.49,5.83,0,0,0,27.44,0,0,0,53.81,0,0,0,0,1,192158,PT_MORENA_PES,PVEM_PT_MORENA
2903,3,29,0,0,0,2.81,7.12,3.41,41.83,2.81,5.69,4.16,0,0,0,32.17,0,0,0,0,0,0,0,0,1,199015,PT_MORENA_PES,MORENA
2401,1,24,0,0,0,0,0,9.11,0,3.36,1.46,1.55,0,0,0,36.59,0,0,0,47.94,0,0,0,0,1,152374,PRI_PVEM_NA,PVEM_PT_MORENA
2402,2,24,0,0,0,37.21,2.09,4.68,16,1.38,2.05,1.04,0,0,0,35.56,0,0,0,0,0,0,0,0,1,180462,PT_MORENA_PES,PVEM
2403,3,24,0,0,0,0,0,5,0,2.94,1.59,1.31,0,0,0,44.08,0,0,0,45.08,0,0,0,0,1,146715,PT_MORENA_PES,PVEM_PT_MORENA
2404,4,24,0,0,0,0,0,3.41,0,4.55,13.97,3.73,0,0,0,25.66,0,0,0,48.68,0,0,0,0,1,134484,PT_MORENA_PES,PVEM_PT_MORENA
2405,5,24,0,0,0,0,0,3.11,0,1.22,1.11,1.29,0,0,0,51.26,0,0,0,42.01,0,0,0,0,1,165868,PAN_PRD_MC,PAN_PRI_PRD
2406,6,24,0,0,0,0,0,3.65,0,1.66,1.91,2.13,0,0,0,32.28,0,0,0,58.37,0,0,0,0,1,157600,PT_MORENA_PES,PVEM_PT_MORENA
2407,7,24,0,0,0,0,0,2.89,0,3.16,11.98,1.14,0,0,0,32.68,0,0,0,48.14,0,0,0,0,1,179778,PT_MORENA_PES,PVEM_PT_MORENA
3201,1,32,0,0,0,0,0,2.69,0,3.48,0.66,4.35,0,0,0,42.25,0,0,0,46.57,0,0,0,0,1,143437,PAN,PVEM_PT_MORENA
3202,2,32,0,0,0,0,0,4.33,0,2.89,0.6,2.51,0,0,0,46.07,0,0,0,43.61,0,0,0,0,1,170519,PT_MORENA_PES,PAN_PRI_PRD
3203,3,32,0,0,0,0,0,3.84,0,5.23,0.91,3.21,0,0,0,39.84,0,0,0,46.97,0,0,0,0,1,168269,PAN,PVEM_PT_MORENA
3204,4,32,0,0,0,2.86,10.27,3.93,36.23,2.47,1.21,5.11,0,0,0,37.92,0,0,0,0,0,0,0,0,1,171492,PAN-PRI-PRD,PAN_PRI_PRD
2501,1,25,0,0,0,0,0,6.46,0,2.4,1.24,2.52,0,0,0,31.15,0,0,0,56.23,0,0,0,0,1,130849,PT_MORENA_PES,PVEM_PT_MORENA
2502,2,25,0,0,0,0,0,4.78,0,1.41,1.52,2.4,0,0,0,32.81,0,0,0,57.08,0,0,0,0,1,152054,PT_MORENA_PES,PVEM_PT_MORENA
2503,3,25,0,0,0,0,0,4.31,0,2.2,2.08,1.13,0,0,0,36.77,0,0,0,53.51,0,0,0,0,1,168489,PT_MORENA_PES,PVEM_PT_MORENA
2504,4,25,0,0,0,5.52,0.47,2.91,48.42,1.8,1.34,0.94,0,0,0,38.61,0,0,0,0,0,0,0,0,1,130487,PT_MORENA_PES,MORENA
2505,5,25,0,0,0,0,0,4.57,0,2.42,0.95,2.47,0,0,0,36.57,0,0,0,53.02,0,0,0,0,1,143122,PT_MORENA_PES,PVEM_PT_MORENA
2506,6,25,0,0,0,2.43,4.91,3.47,46.56,4.53,0.93,2.14,0,0,0,35.04,0,0,0,0,0,0,0,0,1,149078,PT_MORENA_PES,MORENA
2507,7,25,0,0,0,0,0,4.79,0,2.22,1.29,1.56,0,0,0,37.26,0,0,0,52.87,0,0,0,0,1,127142,PT_MORENA_PES,PVEM_PT_MORENA
2601,1,26,0,0,0,5.1,3.54,5.61,42.86,3.93,0.98,3.32,0,0,0,34.67,0,0,0,0,0,0,0,0,1,106617,PRI_PVEM_NA,MORENA
2602,2,26,0,0,0,0,0,6.63,0,7.35,1.4,1.74,0,0,0,36.29,0,0,0,46.6,0,0,0,0,1,126919,PRI_PVEM_NA,PVEM_PT_MORENA
2603,3,26,0,0,0,0,0,12.61,0,1.13,0.93,1.78,0,0,0,34.06,0,0,0,49.5,0,0,0,0,1,128526,PAN_PRD_MC,PVEM_PT_MORENA
2604,4,26,0,0,0,3.29,12.04,7.46,40.54,1.64,1.69,2.82,0,0,0,30.52,0,0,0,0,0,0,0,0,1,137117,PAN_PRD_MC,MORENA
2605,5,26,0,0,0,0,0,6.95,0,1.19,0.48,1.4,0,0,0,43.8,0,0,0,46.18,0,0,0,0,1,136009,PRI_PVEM_NA,PVEM_PT_MORENA
2606,6,26,0,0,0,2.44,2.67,12.73,45.03,1.9,0.98,2.54,0,0,0,31.71,0,0,0,0,0,0,0,0,1,125122,PT_MORENA_PES,MORENA
2607,7,26,0,0,0,0,0,5.68,0,1.97,2.23,1.41,0,0,0,32.91,0,0,0,55.8,0,0,0,0,1,130746,PT_MORENA_PES,PVEM_PT_MORENA
2801,1,28,40.1,8.02,0.63,0,0,2.36,0,1.36,0.99,1.51,0,0,0,0,0,0,0,45.04,0,0,0,0,0,145414,PAN_PRD_MC,PVEM_PT_MORENA
2802,2,28,37.07,9.35,0.84,0,0,3.21,0,4.21,0.91,1.77,0,0,0,0,0,0,0,42.64,0,0,0,0,0,126782,PAN_PRD_MC,PVEM_PT_MORENA
2803,3,28,32.86,13.89,1.27,0,0,2.62,0,1.69,1.09,1.11,0,0,0,0,0,0,0,45.46,0,0,0,0,0,147488,PT_MORENA_PES,PVEM_PT_MORENA
2804,4,28,25.64,8.08,0.75,0,0,2.13,0,1.29,0.72,0.91,0,0,0,0,0,0,0,60.48,0,0,0,0,0,140984,PRI_PVEM_NA,PVEM_PT_MORENA
2805,5,28,40.69,15.23,0.82,0,0,4.76,0,1.42,1.57,1,0,0,0,0,0,0,0,34.51,0,0,0,0,0,182483,PT_MORENA_PES,PAN
2806,6,28,38.53,14.1,0.86,3.91,3.61,3.49,32.04,1.42,1.13,0.91,0,0,0,0,0,0,0,0,0,0,0,0,0,183161,PT_MORENA_PES,PAN
2807,7,28,34.34,4.36,1.83,0,0,2.96,0,3.09,1.06,1.07,0,0,0,0,0,0,0,51.3,0,0,0,0,0,158379,PT_MORENA_PES,PVEM_PT_MORENA
2808,8,28,46.23,2.72,0.65,0,0,3.37,0,1.4,1.25,0.64,0,0,0,0,0,0,0,43.75,0,0,0,0,0,170088,PT_MORENA_PES,PAN
2809,9,28,29.04,6.3,1.11,0,0,3.16,0,3.75,1.36,1,0,0,0,0,0,0,0,54.28,0,0,0,0,0,119871,PT_MORENA_PES,PVEM_PT_MORENA
1901,1,19,59.32,10.88,0.32,1.33,0.67,14.62,10.56,0.54,0.55,1.22,0,0,0,0,0,0,0,0,0,0,0,0,0,171375,PAN_PRD_MC,PAN
1911,11,19,34.72,24.63,0.55,0,0,17.82,0,1.38,0.64,0.65,0,0,0,0,0,0,0,19.6,0,0,0,0,0,166425,PT_MORENA_PES,PAN
1910,10,19,26.59,36.85,0.51,0,0,21.78,0,0.53,0.42,0.69,0,0,0,0,0,0,0,12.64,0,0,0,0,0,186612,PT_MORENA_PES,PRI
1908,8,19,24.08,28.31,0.66,0,0,21.56,0,1.09,0.59,1.07,0,0,0,0,0,0,0,22.63,0,0,0,0,0,144031,PT_MORENA_PES,PRI
1902,2,19,19.11,37.39,0.58,0,0,19.86,0,0.99,0.45,1.03,0,0,0,0,0,0,0,20.59,0,0,0,0,0,172279,PT_MORENA_PES,PRI
1912,12,19,23.24,26.93,0.71,0,0,20.32,0,0.96,0.72,1.87,0,0,0,0,0,0,0,25.26,0,0,0,0,0,151471,PT_MORENA_PES,PRI
1909,9,19,26.87,37.15,0.47,4.18,3.16,11.13,14.84,0.55,1.08,0.58,0,0,0,0,0,0,0,0,0,0,0,0,0,188165,PT_MORENA_PES,PRI
1907,7,19,25.8,16.79,1.08,0,0,24.58,0,1.39,2.01,2.38,0,0,0,0,0,0,0,25.97,0,0,0,0,0,180272,PRI_PVEM_NA,PVEM_PT_MORENA
1906,6,19,31.94,28.75,0.55,1.2,1.66,22.76,11.29,0.84,0.34,0.66,0,0,0,0,0,0,0,0,0,0,0,0,0,206177,MORENA,PAN
1905,5,19,9.89,46.43,0.45,0,0,19.33,0,0.63,0.75,0.93,0,0,0,0,0,0,0,21.59,0,0,0,0,0,111739,MORENA,PRI
1904,4,19,50.59,11.7,0.39,1.7,1.13,18.26,14.45,0.57,0.43,0.78,0,0,0,0,0,0,0,0,0,0,0,0,0,196094,PT_MORENA_PES,PAN
1903,3,19,26.15,16.44,1.58,0,0,26.2,0,0.93,0.82,1.35,0,0,0,0,0,0,0,26.52,0,0,0,0,0,131491,PT_MORENA_PES,PVEM_PT_MORENA