distrito_id,dto,edo,PAN,PRI,PRD,PVEM,PT,MOVIMIENTO_CIUDADANO,RSP,MORENA,PES,FM,PAN_PRI_PRD,PAN_PRD,PAN_PRI,PRI_PRD,PT_MORENA_PVEM,PT_MORENA,PT_PVEM,PVEM_MORENA,CAND_IND_01,CAND_IND_02,CNR,VN,TOTAL_VOTOS_CALCULADOS,LISTA_NOMINAL_CASILLA,URBANA,RURAL,VPM,JHH
101,1,1,53135,35351,6173,8383,6061,3315,7436,44521,3530,3530,636,363,140,44,718,393,60,238,0,0,148,7600,178245,306488,162,329,0,1
102,2,1,49027,31505,3592,7016,4948,4292,5715,50904,5175,5175,546,179,113,48,1021,421,65,308,0,0,149,6284,171308,304756,451,75,0,1
103,3,1,78530,37746,2673,8957,4949,4172,5406,48844,4746,4746,684,207,161,23,934,397,53,261,0,0,247,7958,206948,332204,486,105,0,1
201,1,2,38851,12581,2390,7063,6291,4460,4354,84899,5079,5079,663,166,197,43,2299,978,105,659,0,0,137,5417,176632,334181,456,111,0,1
202,2,2,43336,19049,2296,6828,5829,5419,3266,80054,5152,5152,889,238,284,51,2425,868,137,635,0,0,188,5308,182252,336298,571,30,0,1
203,3,2,32479,23027,4996,8955,11533,4764,7010,73784,3974,3974,674,257,149,56,2414,1458,117,535,0,0,277,6435,182894,330058,457,123,0,1
204,4,2,22381,9849,2468,4621,8664,4305,3438,108187,4874,4874,386,146,118,50,2528,1163,92,593,0,0,104,4206,178173,344424,525,102,0,1
205,5,2,42819,17018,2550,6096,6889,4774,3390,91603,5123,5123,666,185,177,39,2062,950,122,565,0,0,193,5238,190459,355396,600,0,0,0
206,6,2,33737,16979,2354,5981,6489,4424,3440,87083,5867,5867,541,162,159,27,2251,925,104,654,0,0,148,5751,177076,338791,569,40,0,1
207,7,2,29750,17943,2903,5202,8076,4484,3579,81012,5320,5320,565,171,184,42,2311,1006,123,657,0,0,137,5104,168569,344373,384,177,0,1
208,8,2,22881,13754,2808,4914,8455,5081,3135,100416,6658,6658,551,133,195,59,2580,1003,137,821,0,0,127,4461,178169,348046,554,39,0,1
301,1,3,45643,18004,1891,5903,4539,3548,8879,69958,4080,4080,453,277,133,22,1349,544,100,1164,0,0,127,6640,173254,277795,415,143,0,1
302,2,3,28875,6937,1887,7467,15755,2466,2338,51397,2092,2092,304,195,84,21,906,970,74,397,0,0,94,4454,126713,238351,262,172,0,1
401,1,4,36148,68578,5340,5659,9042,5107,5811,79876,6110,6110,342,265,670,71,1322,735,88,421,0,0,64,7532,237767,321907,376,219,1,1
402,2,4,28618,47809,4557,2976,7522,3649,3351,94417,2921,2921,362,191,249,56,1602,903,109,495,0,0,66,7781,211533,320149,348,221,1,1
501,1,5,53969,52786,7201,2858,4017,11841,2194,39960,1619,1619,587,282,525,128,588,317,35,190,0,0,44,4287,184632,316626,455,100,1,1
502,2,5,37191,59889,3395,3834,5388,6360,2649,63033,2191,2191,264,114,352,45,917,443,70,326,0,0,32,5245,192812,299448,311,260,1,1
503,3,5,51266,53256,4687,3235,5313,4397,2944,63909,2173,2173,286,122,275,28,483,344,24,153,0,0,69,5653,199468,313766,477,75,1,1
504,4,5,54752,61654,2194,4785,4807,2947,3490,51910,3445,3445,538,140,161,21,952,355,38,251,0,0,109,5183,199379,316909,488,36,1,1
505,5,5,71319,53069,1687,3528,3372,2621,2341,60812,1942,1942,626,190,235,19,884,366,45,270,0,0,68,3551,208512,302651,543,0,1,1
506,6,5,35974,57523,1677,3397,4255,2077,2504,71639,2170,2170,272,111,114,10,889,384,35,321,0,0,30,3072,187471,290378,264,214,1,1
507,7,5,36180,63475,2563,6350,5892,3264,3198,58219,3542,3542,274,120,117,15,1119,477,37,257,0,0,79,5772,192704,314320,458,105,1,1
601,1,6,32026,41731,5197,4335,6282,14072,7973,56193,2510,2510,527,393,232,53,1365,541,52,264,0,0,122,6065,181720,277346,348,162,1,1
602,2,6,18513,23250,2068,12067,7819,4484,2703,66806,2919,2919,253,317,63,42,2822,843,106,401,0,0,86,5565,153211,253374,245,205,1,1
701,1,7,4089,14469,3304,34261,10724,5652,4985,74835,4054,4054,97,63,41,67,1673,693,187,546,0,0,44,18573,179502,238926,96,347,1,1
702,2,7,5786,39338,10043,35243,8421,4350,3654,48313,2816,2816,58,47,18,30,618,262,39,210,0,0,38,16849,176782,228391,87,376,1,1
703,3,7,2883,16095,1899,37973,6491,5469,8468,59640,2196,2196,125,65,37,39,1227,454,90,258,0,0,69,12309,156673,235285,86,357,1,1
704,4,7,9917,22621,3822,28946,7187,6016,4583,83187,3600,3600,196,110,110,52,1258,445,83,395,0,0,71,16175,189920,248252,149,341,1,1
705,5,7,6424,43090,6135,17567,8288,4151,3102,87813,4084,4084,228,75,29,40,1793,660,95,490,0,0,117,13983,198838,276588,218,280,1,1
706,6,7,9784,15434,8513,18310,9539,9191,2926,104167,5083,5083,311,94,75,60,2707,891,141,655,0,0,194,14272,203159,308774,281,217,1,1
707,7,7,7882,21681,2861,28684,7604,4007,7566,81424,3822,3822,138,74,48,27,1257,577,122,481,0,0,29,11988,181417,276627,146,369,1,1
708,8,7,4560,32385,4646,33921,10007,5899,7013,77323,3843,3843,152,57,51,67,1872,948,134,550,0,0,116,20015,204767,299780,174,335,1,1
709,9,7,15302,10078,2222,5390,7973,4733,4506,121086,5805,5805,519,136,85,45,3604,1266,142,813,0,0,392,10283,195258,313545,531,0,1,1
710,10,7,3572,26531,2161,41722,7182,3908,9863,69186,3307,3307,102,43,29,38,1214,537,122,446,3452,0,68,15633,191154,276115,129,363,1,1
711,11,7,2116,22580,23485,43531,6136,2725,2318,36901,2275,2275,82,129,29,69,946,305,64,226,0,0,25,17514,162199,226447,71,369,1,1
712,12,7,12352,18608,2505,14763,7223,4341,2519,106152,4610,4610,336,113,86,30,2578,1008,134,816,0,0,145,10473,189896,293222,349,180,1,1
713,13,7,5917,29094,8470,21700,15487,4843,7029,60313,3393,3393,242,166,49,73,1023,788,147,371,0,0,42,17191,177398,271416,54,456,1,1
801,1,8,16367,14696,1760,7009,5750,3699,3784,62645,4655,4655,163,34,80,9,1226,465,63,374,16867,0,102,4983,144731,294799,553,0,0,1
802,2,8,22415,20282,9526,7300,5626,5165,3301,43075,3004,3004,366,209,322,74,958,610,84,669,12568,0,174,6786,142514,286909,450,133,0,1
803,3,8,13854,20789,1688,4749,5218,2835,3334,40442,3291,3291,132,56,222,35,1050,481,192,350,21764,0,190,6311,126983,287325,514,13,0,1
804,4,8,40976,26363,1710,8101,5680,3528,4572,54767,3987,3987,409,102,138,21,1110,528,47,334,21867,0,154,6431,180825,331502,615,0,0,1
805,5,8,58604,36089,4227,4920,6822,2911,10581,46366,3558,3558,413,240,354,43,917,561,43,277,0,0,64,8009,184999,322473,415,194,0,1
806,6,8,95720,32374,2119,8192,4482,4056,5455,48860,4675,4675,959,231,349,35,972,416,49,346,0,0,122,6998,216410,347451,612,35,0,1
807,7,8,37501,32136,2598,4026,5217,6192,4199,47754,3078,3078,284,266,566,36,1030,513,80,462,0,0,51,9514,155503,289173,269,390,0,1
808,8,8,64026,29065,2551,7281,6677,4526,5508,47364,4703,4703,679,193,382,21,1207,645,41,352,0,0,130,7217,182568,331730,576,26,0,1
809,9,8,44664,46148,3765,8920,3259,4031,3822,25258,2031,2031,350,299,505,33,404,221,34,198,0,0,55,11446,155443,250459,204,330,0,1
901,1,9,18811,13976,25133,8531,6004,4675,4089,107179,5650,5650,1330,409,97,169,4906,1219,140,780,0,0,124,7602,210824,310869,528,0,0,1
902,2,9,42145,26487,24468,12119,5631,5256,7549,110633,6441,6441,1575,525,154,143,3913,988,101,669,0,0,231,8694,257722,366353,678,0,0,1
903,3,9,48527,24059,21397,11614,6974,7545,5198,122283,6617,6617,2184,618,170,202,4218,1216,127,625,0,0,263,9397,273234,378244,693,0,0,1
904,4,9,17987,12299,25337,8520,7050,4590,2930,95460,5064,5064,1048,422,73,168,3945,1117,162,580,0,0,160,7392,194304,280449,463,0,0,1
905,5,9,37615,18118,10978,9963,5096,4485,3190,82039,4402,4402,1320,380,120,101,3237,916,49,504,0,0,159,7179,189851,269909,401,47,0,1
906,6,9,46610,32281,13053,10424,5597,7744,3982,86980,4109,4109,1288,339,163,132,3256,988,95,546,0,0,165,8149,225901,315711,546,9,0,1
907,7,9,26859,22330,43038,10395,5752,6781,4211,116716,5806,5806,2306,642,160,343,4573,1051,99,696,0,0,189,8563,260510,367201,636,0,0,1
908,8,9,21530,21992,19447,9118,4488,4491,3887,82526,4925,4925,1126,374,95,112,3167,874,94,652,0,0,186,7319,186403,277833,483,0,0,1
909,9,9,16161,16751,14252,14618,6336,5314,5740,96683,5488,5488,1302,359,98,125,3444,983,80,533,0,0,133,7727,196127,294302,438,40,0,1
910,10,9,69199,24275,7888,9466,5259,5610,3493,83268,4624,4624,1385,428,156,81,2772,788,67,434,0,0,209,7017,226419,319499,555,0,0,1
911,11,9,25499,19474,40596,8118,5138,5025,3690,90640,4779,4779,1534,611,104,201,3052,886,92,472,0,0,182,7066,217159,306332,531,0,0,1
912,12,9,38727,25073,8044,9641,5332,5191,4091,86592,4176,4176,1060,275,101,59,3219,810,73,485,0,0,284,7357,200590,298033,521,0,0,1
913,13,9,30689,21736,35717,10341,5978,5164,4985,118648,5575,5575,1750,673,107,175,3771,1090,96,607,0,0,211,8560,255873,357004,628,0,0,1
914,14,9,31035,16141,15510,8295,4652,5712,2690,88721,4077,4077,1401,458,133,145,2945,911,106,529,0,0,174,6582,190217,269751,459,0,0,1
915,15,9,98734,33518,6848,11674,4253,5911,5271,87724,4562,4562,1778,374,202,38,2171,572,86,349,0,0,323,8061,272449,367723,618,0,0,1
916,16,9,36834,20183,29462,10283,5820,5780,3655,97818,5062,5062,2051,635,134,166,3690,1034,133,562,0,0,222,8370,231894,326967,559,0,0,1
917,17,9,47233,38106,17729,8818,5307,5430,3327,80824,5137,5137,1363,501,162,174,3262,904,94,572,0,0,112,7667,226722,320805,507,9,0,1
918,18,9,30505,19088,32633,10540,6433,6131,3763,101353,5791,5791,1468,662,137,241,3671,1048,101,604,0,0,185,8615,232969,321491,562,0,0,1
919,19,9,18809,15312,31036,8462,7842,5157,3411,102607,4889,4889,1388,500,114,192,4765,1268,109,688,0,0,157,7556,214262,299307,515,0,0,1
920,20,9,14433,14368,32464,7310,6460,4998,3335,95702,4802,4802,1089,419,103,191,3790,1089,101,618,0,0,118,7485,198875,286303,474,0,0,1
921,21,9,14908,20261,9735,11320,7717,11391,4660,101568,6679,6679,1164,252,124,216,4963,1300,116,755,0,0,217,9651,206997,314624,363,121,0,1
922,22,9,10190,8791,36769,6337,6951,5446,2883,90885,4225,4225,1131,526,102,333,4609,1336,90,718,0,0,100,7137,188559,282855,443,0,0,1
923,23,9,42858,22002,37845,10307,6076,5441,4071,112634,4928,4928,1639,651,103,167,3495,1019,94,501,0,0,260,8967,263058,358453,602,0,0,1
924,24,9,48674,25327,24087,12234,5797,5339,5410,95318,6054,6054,1713,541,144,107,3164,798,104,488,0,0,360,8703,244362,336250,561,15,0,1
1001,1,10,42549,45099,2121,9800,14210,4525,4098,39165,3149,3149,636,344,250,51,1295,1123,92,309,0,0,93,6963,175872,315480,283,377,0,1
1002,2,10,44281,36451,2379,4498,7672,4444,3510,69991,3711,3711,534,278,171,15,1528,792,71,503,0,0,62,5585,186476,322807,394,242,0,1
1003,3,10,39381,40508,5321,9138,11335,3175,3158,52010,4272,4272,563,579,148,19,1214,1053,102,450,0,0,51,6960,179437,311975,273,369,0,1
1004,4,10,52658,40117,2123,8508,16583,7612,7243,41292,3232,3232,900,473,415,56,1488,1542,86,250,0,0,110,5688,190376,329417,511,51,0,1
1101,1,11,45112,29315,4583,12750,3495,5951,4953,26083,2845,2845,261,182,128,61,407,178,24,128,0,0,94,9170,145720,263698,148,317,0,1
1102,2,11,52149,15641,2438,11028,3824,5289,6731,38276,4186,4186,469,228,216,27,656,407,27,179,0,0,143,8220,150134,299491,212,305,0,1
1103,3,11,91261,15541,1520,13306,2448,3612,3556,23759,2481,2481,757,176,226,22,513,210,27,92,0,0,111,5796,165414,281185,395,62,0,1
1104,4,11,54323,21814,3926,13177,2591,5543,5896,18865,1497,1497,610,256,189,36,418,190,18,101,0,0,68,6260,135778,263508,194,279,0,1
1105,5,11,78920,17167,1645,12471,2812,3378,3350,22904,2334,2334,857,216,278,19,612,252,23,121,0,0,111,5446,152916,286821,442,43,0,1
1106,6,11,75120,16566,1816,12768,2712,3184,3432,24227,2268,2268,761,218,199,28,603,246,31,128,0,0,104,5492,149903,280288,401,78,0,1
1107,7,11,63001,35536,2004,12137,2627,2556,2558,23015,1258,1258,393,185,159,15,431,239,24,118,0,0,39,6045,152340,300057,225,306,0,1
1108,8,11,51969,20144,9426,11675,5171,3561,10162,52815,4195,4195,509,346,135,37,882,456,56,174,0,0,188,7168,179069,318874,346,194,0,1
1109,9,11,52313,22093,2078,9454,3332,2613,3009,30692,2368,2368,552,179,157,22,765,331,23,136,0,0,87,5150,135354,280355,240,215,0,1
1110,10,11,55912,27519,15084,17503,4066,3617,6196,33859,2388,2388,501,368,123,47,592,234,32,129,0,0,82,7707,175959,321373,384,189,0,1
1111,11,11,69343,16280,1452,12243,2723,2967,3536,23281,2465,2465,708,196,232,24,574,248,28,129,0,0,117,4976,141522,266144,363,57,0,1
1112,12,11,55090,17721,2203,10924,3985,3743,3828,41063,3415,3415,541,162,133,16,886,456,42,222,18442,0,175,6622,169669,317026,465,77,0,1
1113,13,11,46932,30089,9060,12739,4131,5277,8602,34755,2167,2167,316,221,109,65,569,309,39,167,0,0,38,7984,163569,306715,215,335,0,1
1114,14,11,40641,25043,6902,16404,3292,8185,3705,36265,2454,2454,338,225,175,58,745,342,31,208,0,0,104,8401,153518,304179,231,329,0,1
1115,15,11,45721,23351,1794,7354,4312,2618,3369,35752,3456,3456,519,167,135,28,960,410,35,195,0,0,132,5662,135970,269317,389,63,0,1
1201,1,12,2983,38542,37684,2553,4463,9135,2520,57881,1045,1045,237,218,41,215,713,344,28,217,0,0,25,8534,168171,262304,180,472,1,1
1202,2,12,21622,33088,14013,8901,9643,6410,7616,65864,3959,3959,500,403,126,129,1046,585,82,393,0,0,121,9547,185666,290940,300,267,1,1
1203,3,12,3560,35377,26908,9276,5131,6645,3106,85492,5018,5018,383,162,57,318,1329,544,74,813,2778,0,73,9794,198585,315688,256,404,1,1
1204,4,12,7606,23838,8949,2827,8430,7898,1528,97348,5128,5128,532,198,96,152,2515,1199,110,980,4181,0,77,5872,181164,301653,514,30,1,1
1205,5,12,3391,31750,12726,6401,29718,7857,1936,65163,2523,2523,133,80,43,141,553,808,68,276,2875,0,75,12172,179491,258504,102,428,1,1
1206,6,12,11213,33440,47650,5777,9263,7876,3034,43164,2924,2924,289,336,95,325,777,421,55,418,0,0,34,13221,181332,271322,107,468,1,1
1207,7,12,4578,37481,13322,5263,11666,4081,3163,76548,2397,2397,343,249,53,148,1688,920,80,415,0,0,73,6670,171031,268406,306,177,1,1
1208,8,12,6874,22332,32106,21910,8979,5147,2205,60391,2112,2112,306,296,57,276,752,590,61,334,0,0,25,10713,177533,253789,120,407,1,1
1209,9,12,7246,27805,10773,5241,6848,4796,1811,77621,6245,6245,392,258,51,100,2084,993,136,871,0,0,89,6619,162237,281298,354,121,1,1
1301,1,13,13047,46280,7823,1938,6534,2619,9081,70473,22015,22015,251,380,48,44,0,0,0,0,0,0,18,13986,195918,277579,70,467,1,0
1302,2,13,16458,31058,11996,2764,18732,2497,5901,85370,3065,3065,474,479,68,46,0,0,0,0,4673,0,63,8657,193411,296184,89,512,1,0
1303,3,13,12123,40223,6227,4920,9127,2923,8233,98085,4576,4576,279,199,57,46,0,0,0,0,0,0,55,8663,196920,299353,195,371,1,0
1304,4,13,14160,36215,5737,3834,9495,3153,6828,81872,4236,4236,264,290,60,47,0,0,0,0,0,0,90,8558,175996,294332,145,362,1,0
1305,5,13,22998,34934,4270,11134,6560,3622,6391,103426,4463,4463,387,260,91,28,0,0,0,0,0,0,60,8349,208435,318381,245,293,1,0
1306,6,13,28693,40913,3460,5256,5780,3640,6991,111499,8094,8094,623,224,131,39,0,0,0,0,0,0,119,8509,225755,346629,410,155,1,0
1307,7,13,20606,31321,2450,4230,5447,3190,15093,93187,5581,5581,405,203,77,28,0,0,0,0,0,0,60,7540,190782,286023,197,295,1,0
1401,1,14,27553,32179,2910,7924,7276,41078,6067,36678,1991,1991,577,128,369,106,534,331,47,117,0,0,53,7059,172977,269226,165,324,0,1
1402,2,14,48375,23821,1979,9504,1895,32424,4503,21271,1722,1722,910,174,938,143,314,145,13,85,0,0,67,6206,154489,258838,194,262,0,1
1403,3,14,60848,32381,1696,10540,2553,36005,5819,21958,3275,3275,651,158,745,67,323,115,26,110,0,0,90,9170,186530,328995,232,326,0,1
1404,4,14,25716,25321,1667,7307,3686,37752,4439,45562,4139,4139,320,55,298,44,892,361,35,227,0,0,166,5404,163391,288644,452,0,0,1
1405,5,14,8694,35412,2209,7243,3361,36104,2449,50725,2081,2081,394,60,366,152,855,347,34,227,0,0,72,6115,156900,282715,289,189,0,1
1406,6,14,34823,22014,1759,7271,3651,47106,3920,46285,4345,4345,465,47,399,89,989,330,57,229,0,0,185,5638,179602,317604,406,98,0,1
1407,7,14,13387,20889,1292,6122,4293,35521,4218,39910,3762,3762,338,29,313,51,1042,435,51,246,0,0,82,4131,136112,253691,356,25,0,1
1408,8,14,39844,23788,1598,5526,2934,35609,2965,42939,2362,2362,572,95,439,56,839,289,32,203,52995,0,94,5595,218774,326903,609,0,0,1
1409,9,14,20096,24056,1961,7852,4502,45388,4751,53774,4219,4219,393,66,494,77,1098,531,44,333,0,0,120,6508,176263,304686,502,0,0,1
1410,10,14,40435,15510,1180,4473,2532,27883,2455,30525,2310,2310,564,67,414,49,834,330,75,200,48613,0,78,4232,182759,294222,415,44,0,1
1411,11,14,24121,25375,2216,7677,4338,53960,4430,54094,4760,4760,583,73,594,104,1196,514,52,317,0,0,132,6509,191045,312174,539,0,0,1
1412,12,14,19588,12663,2117,6022,3370,65143,3062,51102,4127,4127,596,66,432,150,1271,395,60,296,0,0,118,4894,175472,331697,235,286,0,1
1413,13,14,25832,18046,1311,4812,3096,31006,2038,36440,2522,2522,472,74,455,42,992,327,39,299,37326,0,58,4871,170058,284222,440,12,0,1
1414,14,14,31030,21699,1913,8421,4579,56163,4986,54248,4929,4929,456,69,618,95,1200,487,79,257,0,0,111,6897,198237,315005,543,0,0,1
1415,15,14,24904,33182,3391,13193,4069,29826,8584,41659,9302,9302,791,147,561,154,919,352,96,449,0,0,53,7597,179229,311602,230,300,0,1
1416,16,14,19470,25774,1634,6786,3906,33252,3162,48831,3776,3776,448,73,416,66,1378,470,63,404,7767,0,87,5507,163270,297100,435,27,0,1
1417,17,14,19336,30873,2676,14066,3187,37588,4790,37419,2306,2306,788,140,415,92,627,215,34,144,0,0,74,6395,161165,260155,228,220,0,1
1418,18,14,25121,38499,6958,6548,3299,40818,5221,41196,1877,1877,785,208,427,327,479,270,29,162,0,0,57,7701,179982,285551,212,309,0,1
1419,19,14,18323,30219,7719,10797,4021,49314,7490,47286,3128,3128,945,185,401,261,550,260,50,224,0,0,72,7412,188657,297454,275,262,0,1
1420,20,14,15866,22967,1674,7484,3295,44801,2833,36943,2442,2442,745,47,469,131,858,311,54,209,0,0,55,5324,146508,276475,202,220,0,1
1501,1,15,34555,56569,5949,16937,4454,7654,12474,68960,3784,3784,742,336,202,84,1200,328,134,446,0,0,89,8427,224660,300993,74,481,1,1
1502,2,15,17230,25271,19403,6103,4664,5009,5687,85765,4911,4911,875,302,65,88,1920,590,74,434,0,0,121,4829,184144,274287,319,99,1,1
1503,3,15,30434,53216,4586,8407,13485,6527,5347,77005,4172,4172,1259,301,243,84,2561,957,147,464,0,0,56,7518,218454,306320,157,374,1,1
1504,4,15,31330,34117,5367,6616,5522,3729,4741,85595,4094,4094,815,282,137,57,2572,816,94,502,0,0,114,5222,192827,292336,366,78,1,1
1505,5,15,23689,45032,6942,6822,7980,3482,3889,83456,3782,3782,644,224,96,37,1723,665,72,408,0,0,125,5402,195307,272235,242,203,1,1
1506,6,15,27172,27595,10323,6891,4642,3798,3946,92030,5322,5322,880,286,93,58,2347,585,65,506,0,0,145,5321,192916,284874,455,6,1,1
1507,7,15,44914,26397,3932,8303,5067,5354,6820,94478,5378,5378,925,169,167,43,2324,601,77,511,0,0,137,5318,211887,301207,482,20,1,1
1508,8,15,19041,21961,9838,5302,3864,4527,8330,75819,3737,3737,631,219,105,78,1986,547,48,452,0,0,100,4363,161935,247313,400,0,1,1
1509,9,15,21771,65789,15971,8087,4785,2919,7058,50053,2245,2245,541,405,90,76,1087,400,68,334,0,0,64,8415,192067,275992,21,460,1,1
1510,10,15,17724,27676,8944,5928,4348,3478,3285,81659,4235,4235,667,249,96,66,2590,689,125,555,0,0,147,4054,167588,261716,421,0,1,1
1511,11,15,18194,29016,11693,9663,4558,3251,3869,86864,4051,4051,605,309,71,52,2527,697,77,546,0,0,122,5169,182461,279818,446,0,1,1
1512,12,15,11360,50047,7666,4505,4487,3141,2561,72212,3197,3197,385,125,61,38,2117,590,57,400,0,0,95,4640,169090,259083,428,4,1,1
1513,13,15,19398,29207,7998,6310,4333,3265,7157,86293,4404,4404,701,197,89,43,2569,700,74,502,0,0,129,4967,179652,267296,451,0,1,1
1514,14,15,53345,27403,4444,9910,4276,4065,4370,83741,4597,4597,961,266,138,62,2200,647,90,464,0,0,102,5199,207331,299633,481,4,1,1
1515,15,15,50313,25113,4149,15521,4258,3878,4081,78256,4377,4377,867,201,129,30,2112,575,141,492,0,0,90,5256,200891,298643,454,12,1,1
1516,16,15,18816,32658,7283,5741,6156,3330,3909,87009,3927,3927,620,216,106,39,3233,1011,124,626,0,0,84,5011,181343,287922,465,0,1,1
1517,17,15,16196,29191,7407,5831,4243,3281,3422,83686,4137,4137,562,198,63,37,2625,708,95,501,0,0,119,4598,167807,252315,430,0,1,1
1518,18,15,61601,44105,8314,8796,5132,5546,5202,65222,3508,3508,1378,503,171,52,1525,488,86,361,0,0,80,6045,219247,302044,280,189,1,1
1519,19,15,46475,36706,5125,7728,4805,4440,4524,91147,4673,4673,861,248,136,38,2501,692,88,484,0,0,149,5849,218024,316670,555,0,1,1
1520,20,15,16640,24754,32668,5518,4120,3218,3084,83491,3692,3692,1016,429,88,94,2182,669,71,382,0,0,98,5213,188254,278996,481,0,1,1
1521,21,15,12535,37991,7566,9017,4173,6432,4129,81845,4062,4062,375,114,60,59,1497,429,75,424,0,0,65,6011,177592,255898,266,158,1,1
1522,22,15,75718,38367,4727,7396,4746,3794,3573,80438,4715,4715,1200,341,207,32,2227,714,74,594,0,0,161,6100,236560,349805,552,34,1,1
1523,23,15,27014,43548,8947,17241,6062,4709,4610,84519,3827,3827,622,298,104,53,1665,596,105,447,0,0,86,6758,212080,291886,234,241,1,1
1524,24,15,44729,31420,5170,6666,5374,3726,4950,86746,5056,5056,873,274,208,42,2940,795,89,571,0,0,148,5587,206791,336672,577,0,1,1
1525,25,15,8400,46135,8326,3723,3538,2461,2514,66046,2753,2753,401,183,47,41,2406,624,87,490,0,0,61,3903,153493,251806,383,0,1,1
1526,26,15,42469,45383,7550,6908,7182,4564,4121,82443,5552,5552,1046,392,166,51,2380,673,62,652,0,0,135,6283,219828,310407,354,130,1,1
1527,27,15,48505,47228,4884,9800,13063,4810,6198,81726,3776,3776,848,210,124,28,1765,767,64,344,0,0,119,6191,231423,315076,469,20,1,1
1528,28,15,26962,38079,5495,7491,4334,6023,11094,82625,4183,4183,686,222,107,58,1790,475,85,374,0,0,99,6201,197446,314021,290,199,1,1
1529,29,15,13052,25478,40659,5829,4113,3176,3803,85471,3389,3389,746,579,50,107,2149,679,68,364,0,0,111,5333,195951,296172,524,0,1,1
1530,30,15,8008,52256,7069,4133,3358,2212,2576,66793,3284,3284,301,117,40,23,2175,558,78,434,0,0,68,4176,159093,263181,403,3,1,1
1531,31,15,10644,24744,42392,5289,4060,3139,3112,80017,3217,3217,952,490,69,106,2256,676,83,375,0,0,117,5507,188005,290097,509,0,1,1
1532,32,15,8420,20294,26431,6724,5001,4134,2732,77182,3477,3477,671,351,46,131,2417,681,100,501,0,0,94,5838,166029,262331,406,0,1,1
1533,33,15,13229,26808,9245,4414,4646,8520,3428,78408,5745,5745,620,129,102,106,2937,560,129,784,0,0,86,5211,165992,260453,306,84,1,1
1534,34,15,50884,42763,7744,8864,6286,4926,4230,92393,5386,5386,1089,322,140,38,2123,677,98,519,0,0,173,5704,235728,327921,514,15,1,1
1535,35,15,28659,40311,12666,9220,13719,4565,4915,67523,3268,3268,612,392,132,83,1317,804,90,249,0,0,70,7850,197178,284511,198,284,1,1
1536,36,15,17954,66345,31164,6956,5696,2929,5512,70294,2061,2061,415,553,99,105,890,483,62,320,0,0,67,8207,221147,296442,105,478,1,1
1537,37,15,27082,33764,4990,7644,4653,9555,5090,89196,4410,4410,737,167,148,65,1886,558,66,419,0,0,109,5319,196681,287130,290,147,1,1
1538,38,15,14102,31285,5442,14214,4507,3701,4928,99232,3756,3756,432,126,65,29,2239,548,59,462,0,0,114,5407,191909,287754,273,175,1,1
1539,39,15,8763,46833,12535,6330,4802,2686,2541,67003,3220,3220,397,179,40,93,2368,670,62,465,0,0,71,4732,165229,260012,399,11,1,1
1540,40,15,33178,42237,7038,9704,11439,6525,4743,76354,4906,4906,852,311,185,80,2050,900,129,455,0,0,119,8010,210567,308188,169,321,1,1
1541,41,15,23372,53440,4475,5127,6253,3413,4731,104126,5050,5050,507,124,71,20,2452,706,110,538,0,0,153,5110,220999,322728,459,46,1,1
1601,1,16,5005,31599,22002,4847,10709,2740,2522,71893,1890,1890,176,164,27,122,837,1005,53,256,0,0,49,7664,163560,265614,259,220,0,1
1602,2,16,13826,33549,35690,17521,15092,5095,6303,35270,4814,4814,619,641,107,215,788,1263,98,205,0,0,63,11428,182587,311985,184,388,0,1
1603,3,16,8844,25973,45097,11365,15028,2837,2704,45971,2883,2883,823,711,81,221,1345,1601,120,316,0,0,63,10978,176961,272763,126,381,0,1
1604,4,16,40158,29905,15838,10858,4691,7119,4190,44589,1966,1966,652,612,262,107,553,486,38,195,0,0,52,9096,171367,294299,348,215,0,1
1605,5,16,32302,26366,12305,9355,9227,9071,4225,44164,3068,3068,874,495,161,70,1105,963,40,191,0,0,89,7919,161990,297644,366,163,0,1
1606,6,16,17582,28877,22861,17162,10069,4521,5243,40290,4030,4030,840,610,133,166,1029,1456,100,341,0,0,78,11638,167026,280855,126,378,0,1
1607,7,16,14346,26613,19272,18185,6781,6127,3429,43855,4148,4148,497,252,168,122,563,542,57,251,0,0,105,10373,155686,267912,309,177,0,1
1608,8,16,18190,23977,9154,14070,6812,6052,2971,54931,7600,7600,393,196,100,63,1126,669,133,329,0,0,281,10928,157975,291676,333,140,0,1
1609,9,16,15818,9369,24662,4986,6308,2107,1471,42106,1996,1996,410,273,84,113,851,804,53,307,12722,0,114,6358,130912,239846,325,81,0,1
1610,10,16,32009,19760,8998,10853,6014,4151,3185,51199,6337,6337,524,241,106,52,924,560,87,272,31486,0,148,10368,187274,309830,479,59,0,1
1611,11,16,17514,26721,34057,15944,8711,3734,6074,38975,4908,4908,829,888,113,223,840,797,95,377,0,0,87,13289,174176,283623,167,344,0,1
1612,12,16,13093,24032,19988,13080,7195,2704,3940,46780,1250,1250,517,480,128,112,763,917,47,192,0,0,53,8188,143459,251974,169,289,0,1
1701,1,17,41394,12379,9358,8220,7860,7945,3576,73132,9050,9050,0,0,0,0,2807,861,190,974,16662,0,198,9039,204214,305520,507,14,1,1
1702,2,17,18343,12919,22952,14688,7109,5637,6162,72684,8582,8582,0,0,0,0,2728,717,145,879,0,0,150,9896,184376,283166,385,65,1,1
1703,3,17,10868,24757,19341,9334,10338,12688,9083,68906,6439,6439,0,0,0,0,2744,899,181,761,0,0,156,10775,188532,287821,352,140,1,1
1704,4,17,7341,17748,25905,5707,8815,4106,3862,62469,8053,8053,0,0,0,0,2047,633,163,695,34941,0,117,8491,191588,292132,340,173,1,1
1705,5,17,12558,16602,26895,13251,10465,9775,14770,65742,6729,6729,0,0,0,0,1730,652,124,584,0,0,111,12226,193299,270726,248,219,1,1
1801,1,18,18273,26708,8535,2496,7715,3505,4552,62228,3272,3272,590,310,69,53,2015,689,129,484,0,0,28,5507,147158,256770,269,312,0,1
1802,2,18,24701,17641,7074,4017,9476,17378,4182,81222,3970,3970,793,280,200,88,2743,1004,132,702,0,0,95,5525,181223,302091,488,76,0,1
1803,3,18,30989,18465,4395,2876,5964,5862,3252,70012,3051,3051,689,275,187,50,0,0,0,0,0,0,49,7815,153931,287950,232,303,0,0
1901,1,19,85705,20018,1353,6770,4023,23845,7021,28102,3660,3660,0,0,0,0,439,282,37,120,0,0,245,6235,187855,316603,469,42,0,1
1902,2,19,47327,37782,1369,8444,5816,19144,5497,42554,4144,4144,0,0,0,0,576,360,39,139,0,0,132,4779,178102,326742,520,39,0,1
1903,3,19,31135,26263,1185,12258,7005,13571,3160,28856,1901,1901,0,0,0,0,541,357,33,140,6504,4000,58,3996,140963,292143,405,56,0,1
1904,4,19,92471,19436,1657,7750,6454,24966,4749,39674,3250,3250,0,0,0,0,675,370,46,161,16163,0,253,5410,223485,365377,617,0,0,1
1905,5,19,16572,34974,945,5625,17172,9607,1938,18981,1490,1490,0,0,0,0,572,698,34,61,6503,0,26,4531,119729,253844,392,0,0,1
1906,6,19,72113,31803,1893,10779,13651,45634,4296,32888,3523,3523,0,0,0,0,800,576,83,172,0,0,240,6851,225302,355425,611,0,0,1
1907,7,19,38588,34736,3641,10584,9384,14160,6780,35698,3735,3735,0,0,0,0,662,384,59,137,21008,0,233,6408,186197,368533,267,370,0,1
1908,8,19,33682,30212,1516,6379,6323,13836,4492,33486,4200,4200,0,0,0,0,646,308,53,168,20474,0,87,4369,160231,299696,483,9,0,1
1909,9,19,49694,60854,1249,6789,9034,9800,12040,25444,1867,1867,0,0,0,0,855,426,56,220,14889,0,71,9250,202538,327919,273,344,0,1
1910,10,19,67310,29688,1350,9152,5377,24817,4806,30159,2398,2398,0,0,0,0,571,367,48,133,10696,0,150,6302,193324,329254,608,0,0,1
1911,11,19,58051,37647,2903,5792,5781,17308,5458,35730,3152,3152,0,0,0,0,784,449,42,213,15545,0,59,5986,194900,330958,550,0,0,1
1912,12,19,19004,32885,1735,15121,5541,12987,5125,36723,5197,5197,0,0,0,0,609,341,41,240,15694,0,275,5099,156617,332826,327,231,0,1
2001,1,20,19096,36679,8666,7848,8755,3468,16639,83122,5055,5055,433,259,75,58,1854,653,101,465,0,0,19,7649,202531,271490,195,319,1,1
2002,2,20,8262,42395,12925,4317,11722,4894,7829,84840,2582,2582,262,185,54,77,1463,808,93,364,0,0,37,10102,195162,271339,110,432,1,1
2003,3,20,12525,28974,15056,6005,11843,3343,3318,88635,3318,3318,346,289,43,86,1804,932,148,356,0,0,76,7988,186185,287380,216,353,1,1
2004,4,20,13353,26861,7825,5864,14635,4044,3988,90280,3250,3250,265,187,65,49,2379,1398,107,433,0,0,93,8401,184413,309294,283,309,1,1
2005,5,20,7552,27150,7683,4707,14551,3433,2610,98998,2525,2525,174,129,41,46,1865,947,112,382,0,0,35,7263,181163,269697,205,310,1,1
2006,6,20,6213,24951,26688,4440,9213,2383,2898,73217,2437,2437,281,219,29,133,1631,738,74,406,5218,0,91,9110,171173,274217,61,512,1,1
2007,7,20,6814,46047,16565,9720,9651,5380,4957,88764,2628,2628,183,136,39,59,1013,574,78,235,0,0,48,9526,203777,285218,281,281,1,1
2008,8,20,21549,28542,5132,5473,13959,4251,3109,109750,4538,4538,559,211,84,42,2700,1304,108,400,0,0,170,7631,210740,312825,489,49,1,1
2009,9,20,6391,43616,25267,3296,7954,2902,5124,78230,1571,1571,308,243,25,110,1427,643,76,340,0,0,27,7218,186339,271346,104,391,1,1
2010,10,20,22689,31068,7246,5181,11542,5381,6710,87730,5554,5554,395,313,86,96,1993,845,155,629,0,0,33,10933,200126,306787,90,484,1,1
2101,1,21,53861,40553,8638,7551,5453,7469,3935,63504,2222,2222,757,939,347,188,1521,723,130,548,0,0,40,11675,210054,279935,167,345,0,1
2102,2,21,47367,61321,9241,5466,6761,11184,6291,47548,1990,1990,466,547,311,200,1003,470,82,330,0,0,37,13115,213730,278639,75,433,0,1
2103,3,21,42451,43540,4974,9525,8008,5917,8322,61892,2910,2910,620,341,200,60,1458,585,84,501,0,0,48,12426,203862,286126,109,379,0,1
2104,4,21,34433,44190,9825,5537,7957,9323,3235,73625,2758,2758,297,408,170,122,1367,733,165,564,0,0,22,11962,206693,270988,160,318,0,1
2105,5,21,28284,28437,4718,8986,11421,6918,7555,77847,3360,3360,345,202,162,115,1886,1183,98,455,0,0,81,9439,191492,295720,350,125,0,1
2106,6,21,31498,26091,2496,7301,5926,3605,2832,90546,3383,3383,593,229,246,50,2656,949,92,793,0,0,156,6710,186152,298993,475,5,0,1
2107,7,21,37266,27498,4492,8925,8516,7540,3837,81940,3263,3263,480,510,295,74,2658,1037,151,948,0,0,71,9071,198572,289617,248,212,0,1
2108,8,21,40498,39843,5342,7788,7593,15540,13309,51483,2185,2185,627,468,501,128,1461,847,101,430,0,0,31,11980,200155,270983,128,345,0,1
2109,9,21,54942,16011,2794,7761,5858,4215,2907,93194,3595,3595,866,288,223,41,2377,909,79,600,0,0,104,6819,203583,315823,550,0,0,1
2110,10,21,53707,19064,4616,10817,6731,5747,5730,94556,4805,4805,720,304,198,51,2613,846,127,730,0,0,151,9244,220757,328497,504,5,0,1
2111,11,21,35598,21115,2672,6881,6717,4926,3352,87843,3405,3405,627,206,229,59,2923,1175,147,724,0,0,108,7023,185730,307513,455,26,0,1
2112,12,21,51698,24644,3833,9036,5684,4327,3508,96927,4064,4064,780,277,156,47,2322,882,66,588,0,0,181,7736,216756,323123,599,0,0,1
2113,13,21,38968,38896,5531,10345,5843,7087,5178,77404,3398,3398,472,445,213,82,1882,712,75,629,0,0,68,10291,207519,308104,272,273,0,1
2114,14,21,32467,47309,6262,6356,7677,8285,4917,86758,2726,2726,344,700,185,205,1875,897,114,668,0,0,116,11608,219469,307143,109,453,0,1
2115,15,21,28791,29664,2528,12006,7939,2808,4483,95204,2572,2572,313,208,99,52,1918,920,129,592,0,0,48,8684,198958,295612,333,136,0,1
2201,1,22,49632,38459,4426,6433,6068,4571,6256,35472,3535,3535,639,634,218,50,707,421,97,241,0,0,94,10412,168365,252531,51,415,0,1
2202,2,22,46817,33458,2839,14500,4413,3287,4174,57670,4288,4288,552,252,167,22,1835,610,109,432,0,0,150,8454,184029,284047,256,229,0,1
2203,3,22,58562,41084,3391,8338,5577,4521,3520,69000,5910,5910,852,281,192,34,1858,619,62,470,0,0,197,8306,212774,363990,441,158,0,1
2204,4,22,82925,32625,3443,10607,4689,5007,4109,67609,5605,5605,1133,405,198,47,1615,592,50,388,0,0,297,9671,231015,361257,570,35,0,1
2205,5,22,77296,37170,7014,9214,5295,4165,4403,44981,4597,4597,826,416,213,35,1223,493,73,290,0,0,163,10848,208715,321128,188,349,0,1
2301,1,23,28104,25680,5377,4288,10928,7124,2703,91200,5885,5885,1118,371,214,112,1764,908,94,619,0,0,182,7438,195339,338233,411,173,1,1
2302,2,23,28765,25041,13194,2658,6304,5135,5295,77043,7625,7625,1417,648,166,120,1901,888,109,764,0,0,97,7402,185886,272867,258,247,1,1
2303,3,23,11757,6897,2792,9493,5278,3781,2555,90297,6305,6305,525,126,84,53,1974,1162,94,771,0,0,86,4883,149864,264634,472,4,1,1
2304,4,23,33406,13483,3551,9672,6780,4961,3076,96496,6377,6377,730,191,134,39,2040,1224,65,655,0,0,259,5932,190116,332932,479,74,1,1
2401,1,24,33933,43991,8558,17581,7263,9219,3788,30887,1824,1824,621,395,644,106,554,421,45,181,0,0,55,11547,173218,262221,151,377,1,1
2402,2,24,18122,35428,58136,11010,5470,3719,4923,40046,3737,3737,845,936,202,316,809,349,38,241,0,0,155,10194,196210,321336,331,214,1,1
2403,3,24,40558,44432,9309,11417,8817,4514,3420,27897,1680,1680,696,562,495,71,641,414,78,219,0,0,65,10539,168683,263906,169,399,1,1
2404,4,24,30033,28746,9532,6841,5267,4997,6838,48688,2934,2934,385,415,185,64,702,449,40,320,0,0,90,9184,157092,238975,239,209,1,1
2405,5,24,63823,20777,18852,8055,4844,3796,4380,47750,3780,3780,512,394,228,67,810,365,34,236,0,0,295,9737,189448,311399,464,58,1,1
2406,6,24,41273,15378,21139,10089,5432,4072,5899,55144,4583,4583,365,348,130,54,920,436,39,295,0,0,280,9384,175847,304359,474,35,1,1
2407,7,24,42670,46405,13660,5897,7210,5771,8690,36636,2886,2886,646,733,281,107,955,476,101,348,0,0,24,16893,193141,272130,57,470,1,1
2501,1,25,26848,39810,3401,3579,4058,4396,3229,71395,1922,1922,468,271,167,39,1345,678,76,336,0,0,51,5536,169212,293360,443,176,1,1
2502,2,25,32028,34031,2751,2516,5823,3740,4169,93771,2681,2681,637,202,174,40,2184,1003,107,630,6158,0,25,4737,199205,321131,536,136,1,1
2503,3,25,23880,54729,9432,3560,8151,8052,4151,73824,3413,3413,789,387,216,128,1703,924,127,554,0,0,37,7905,204193,321025,394,484,1,1
2504,4,25,18050,54544,3548,2823,6222,5852,4546,85806,2599,2599,359,109,145,34,1934,925,114,689,0,0,39,6365,197234,304001,390,372,1,1
2505,5,25,14899,33103,2136,3624,5556,4560,3521,87706,2599,2599,421,75,107,26,2051,813,82,485,11891,0,82,3939,179352,295854,559,34,1,1
2506,6,25,24235,40433,2959,6776,5119,6496,3400,71898,2530,2530,560,177,241,51,1590,682,76,414,0,0,66,5965,175381,294027,436,244,1,1
2507,7,25,16040,36840,2525,3720,5828,4927,2941,82015,2974,2974,393,128,107,43,2035,838,79,494,0,0,119,4531,168215,305860,549,119,1,1
2601,1,26,23142,28620,2215,3101,4641,4837,2519,54102,2608,2608,218,343,68,35,1151,731,60,318,0,0,77,4687,134665,288070,397,105,1,1
2602,2,26,26986,36799,2699,2850,9572,9405,2673,58578,2244,2244,307,426,136,56,950,848,66,242,0,0,56,5639,162585,333282,492,77,1,1
2603,3,26,21698,32008,1814,3407,4184,9106,3017,62849,2618,2618,415,172,129,35,1130,639,56,300,0,0,93,4906,150204,304062,473,32,1,1
2604,4,26,21658,42832,4743,5669,5845,5440,4961,60386,1665,1665,202,671,41,41,1095,801,66,317,0,0,46,6165,165384,286917,301,251,1,1
2605,5,26,22781,37041,1619,3646,4223,9465,2941,61285,2467,2467,346,198,114,31,1046,643,30,255,0,0,109,5138,155100,293757,459,47,1,1
2606,6,26,7045,29176,1610,3044,4530,9033,2771,79142,1813,1813,141,93,58,31,1525,867,68,423,18256,0,32,4408,165465,319562,453,103,1,1
2607,7,26,21266,39021,3485,1882,4465,4271,2582,65019,1158,1158,213,547,112,49,1272,881,80,387,0,0,31,5694,154702,267482,244,234,1,1
2701,1,27,3466,16657,12407,13512,2921,2795,3363,101618,6352,6352,451,160,37,110,1291,391,73,518,1257,0,68,6937,174384,244672,147,311,0,1
2702,2,27,1704,18951,36425,4736,3131,2375,1404,124854,1648,1648,513,191,19,242,1875,644,90,509,1319,0,145,7841,208616,300820,271,274,0,1
2703,3,27,2105,20329,28110,4373,2688,2264,1379,98955,1316,1316,1056,249,32,227,1468,541,47,326,1517,0,18,5302,172302,240831,144,272,0,1
2704,4,27,4624,16598,6098,4908,3981,3863,3193,162293,2806,2806,366,86,21,99,2505,1131,79,613,0,0,119,5543,218926,309831,433,103,0,1
2705,5,27,3512,19818,19244,11217,4244,3669,2177,142779,3802,3802,448,136,41,155,1526,617,69,541,0,0,33,7988,222016,295256,178,322,0,1
2706,6,27,3097,20025,9545,12952,4296,5419,2857,129087,2715,2715,433,112,52,169,2264,888,89,543,2389,0,93,7489,204514,296208,222,263,0,1
2801,1,28,53688,34764,1509,5359,3871,2789,3234,49839,2973,2973,566,230,190,16,943,423,42,244,0,0,86,4565,165331,310391,518,10,0,1
2802,2,28,56502,22332,1512,4756,3585,2355,2093,57809,5330,5330,691,225,204,35,1127,439,52,469,0,0,44,4301,163861,280245,411,93,0,1
2803,3,28,56310,39578,2430,2828,5754,2964,3162,52557,4180,4180,548,276,244,28,1003,430,79,328,0,0,66,5453,178218,293905,272,269,0,1
2804,4,28,55138,33559,2113,3143,4290,3361,2484,59792,1665,1665,784,236,225,31,849,432,44,255,0,0,39,4175,172615,298768,445,43,0,1
2805,5,28,63897,55843,1837,5144,5767,7353,1932,50573,3419,3419,891,186,427,26,1017,414,45,226,0,0,96,7021,206114,299833,368,165,0,1
2806,6,28,85921,40511,4317,4634,3798,7360,4660,38593,2512,2512,716,452,473,54,889,354,60,311,0,0,50,7639,203304,280872,178,405,0,1
2807,7,28,49540,31000,1969,4746,4798,2483,2403,69464,2927,2927,902,250,227,30,1578,566,59,385,2971,0,769,4561,181628,284880,371,94,0,1
2808,8,28,65489,30146,2431,5654,4030,3024,2266,68683,3343,3343,971,278,150,14,1144,471,39,276,4916,0,107,5723,199155,297197,524,4,0,1
2809,9,28,49842,13014,1958,3830,4921,3044,2265,70345,2279,2279,634,235,243,24,1202,532,50,369,0,0,53,3762,158602,282654,388,110,0,1
2901,1,29,32255,33080,5496,5683,10049,5469,3256,78973,3944,3944,748,287,147,71,1696,991,112,428,0,0,987,8900,193849,300472,312,205,1,1
2902,2,29,22691,31155,9248,4947,10144,6851,3791,106717,5188,5188,894,377,150,80,2793,1146,117,713,0,0,103,7299,215999,312644,480,27,1,1
2903,3,29,15858,22599,7145,4381,13597,4601,6899,107190,4590,4590,384,234,98,46,2337,1135,133,650,0,0,89,7625,200575,308900,347,171,1,1
3001,1,30,57356,21777,3609,5154,3254,3392,2279,50423,4700,4700,682,436,187,34,1032,451,55,472,0,0,12,5483,160788,239001,188,308,0,0
3002,2,30,56722,24793,14382,10495,4997,4460,2274,46848,1717,1717,757,849,100,50,711,332,69,217,0,0,10,6977,176760,246309,73,416,0,0
3003,3,30,44694,26868,3120,8272,2843,2818,1997,63896,1462,1462,642,460,147,31,915,384,26,307,0,0,42,5100,164024,248900,208,253,0,0
3004,4,30,69281,11609,3031,8258,3093,3531,2480,74089,2537,2537,1514,885,270,36,1170,513,53,329,0,0,115,5350,188144,321098,462,80,0,0
3005,5,30,22611,15064,35629,3352,2740,2713,2264,68118,1157,1157,1471,1379,93,151,1263,599,48,283,0,0,34,4399,163368,250521,328,115,0,0
3006,6,30,38257,26163,16269,10725,4819,9730,2854,66806,1837,1837,891,709,191,84,1097,403,63,349,0,0,49,6040,187336,286127,202,344,0,0
3007,7,30,37342,22696,5831,7517,4484,8689,3479,79996,2175,2175,855,520,306,62,1110,503,52,393,0,0,44,7081,183135,283027,230,324,0,0
3008,8,30,58443,28938,12684,7073,3905,4176,2694,78440,2351,2351,1160,1183,189,42,1129,424,63,367,0,0,76,7971,211308,315892,201,388,0,0
3009,9,30,51315,33365,11170,3173,3400,3848,1959,62701,2016,2016,1114,1048,180,76,897,378,62,303,0,0,32,7125,184162,272503,233,243,0,0
3010,10,30,44391,20241,4109,13068,4561,4499,4579,108703,3385,3385,873,410,129,35,1627,604,55,451,0,0,126,7179,219025,323195,559,8,0,0
3011,11,30,31385,17122,4331,1999,2934,3127,3124,120251,2432,2432,1055,356,159,60,3245,707,75,739,0,0,58,4814,197973,305208,477,93,0,0
3012,12,30,92895,21237,2703,7266,3408,4109,2089,71422,2635,2635,1635,815,384,39,1101,413,26,322,0,0,101,6290,218890,336028,489,132,0,0
3013,13,30,60284,26004,5848,8527,3527,3593,4078,74559,1998,1998,911,679,219,57,895,450,109,392,0,0,37,7655,199822,303513,162,407,0,0
3014,14,30,35022,21548,6997,2677,4167,3187,1774,88696,1864,1864,1463,817,186,44,1897,590,67,453,0,0,31,5517,176997,276057,279,273,0,0
3015,15,30,45410,20509,10322,9112,3951,5984,2889,83502,2791,2791,1268,973,204,81,1535,553,76,488,0,0,72,7406,197126,292558,350,176,0,0
3016,16,30,42493,24589,4735,15677,3937,3980,4474,91991,3023,3023,834,478,144,34,1571,529,67,555,0,0,75,6454,205640,302994,358,181,0,0
3017,17,30,48637,22715,9330,2622,5362,3201,1973,72690,1555,1555,878,852,175,45,1412,699,69,389,0,0,55,7257,179916,287016,240,303,0,0
3018,18,30,38127,31627,13241,4851,6339,8181,3248,72920,2622,2622,1044,997,308,118,1400,572,94,464,0,0,45,9910,196108,283145,123,382,0,0
3019,19,30,47086,14539,14980,9909,3712,3550,5581,72631,2017,2017,1418,1232,229,102,1386,463,81,360,0,0,51,8651,187978,303659,222,332,0,0
3020,20,30,29748,25665,8989,3059,4727,3528,3465,101726,2563,2563,776,688,89,47,1902,598,88,499,0,0,25,6273,194455,297029,287,256,0,0
3101,1,31,58486,84600,3115,7773,2180,4155,3321,51111,1671,1671,241,168,278,19,585,202,87,185,0,0,26,5552,224743,278151,259,240,1,1
3102,2,31,59114,71324,6520,11924,2494,5598,6245,44202,2505,2505,316,202,443,47,722,270,25,278,0,0,47,7108,220513,290551,343,155,1,1
3103,3,31,71709,53480,2587,4191,4046,3636,2372,70818,3153,3153,854,241,733,22,1637,614,40,438,0,0,96,6516,229179,341019,541,50,1,1
3104,4,31,97029,53222,2377,4121,4249,3816,2173,66565,3116,3116,868,210,724,34,1267,422,62,323,0,0,107,6379,248757,338827,536,53,1,1
3105,5,31,57981,77696,14462,9095,4201,5237,9199,44674,1057,1057,297,649,285,68,425,238,26,96,0,0,22,6411,232880,291540,295,214,1,1
3201,1,32,22658,38809,7359,8819,11752,3205,4631,62405,3487,3487,560,543,92,37,1322,1172,100,247,0,0,66,6389,174427,277083,234,349,1,1
3202,2,32,38637,45363,13137,16644,12070,4790,4492,41867,4521,4521,1020,806,163,67,826,532,74,255,0,0,42,8435,194623,307015,221,532,1,1
3203,3,32,18507,46500,6126,11558,15689,3549,13875,64058,2873,2873,403,377,74,25,1174,1005,91,274,0,0,113,8091,195467,291084,304,329,1,1
3204,4,32,13847,59218,11986,7381,13886,6387,4045,62490,2882,2882,462,318,61,107,1180,787,74,278,0,0,84,7469,193857,287277,235,324,1,1