date,
2021-03-04,
2021-03-04,
2021-03-05,
2021-03-05,
2021-03-06,
2021-03-08,
2021-03-08,
2021-03-08,
2021-03-18,
2021-03-23,
2021-03-24,
2021-03-24,
2021-03-24,
2021-03-24,
2021-03-24,
2021-03-24,
2021-03-24,
2021-03-24,
2021-03-24,
2021-03-24,
2021-03-24,
2021-03-24,
2021-03-24,
2021-03-24,
2021-03-24,
2021-03-24,
2021-03-24,
2021-03-24,
2021-03-24,
2021-03-24,
2021-03-24,
2021-03-24,
2021-03-24,
2021-03-24,
2021-03-24,
2021-03-24,
2021-03-24,
2021-03-24,
2021-03-24,
2021-03-24,
2021-03-24,
2021-03-24,
2021-03-24,
2021-03-24,
2021-03-24,
2021-03-24,
2021-03-24,
2021-03-24,
2021-03-24,
2021-03-24,
2021-03-24,
2021-03-24,
2021-03-24,
2021-03-24,
2021-03-24,
2021-03-24,
2021-03-24,
2021-03-24,
2021-03-24,
2021-03-24,
2021-03-24,
2021-03-24,
2021-03-24,
2021-03-24,
2021-03-24,
2021-03-24,
2021-03-24,
2021-03-24,
2021-03-24,
2021-03-24,
2021-03-24,
2021-03-24,
2021-03-24,
2021-03-24,
2021-03-24,
2021-03-24,
2021-03-24,
2021-03-24,
2021-03-24,
2021-03-24,
2021-03-24,
2021-03-25,
2021-03-25,
2021-03-25,
2021-03-25,
2021-03-25,
2021-03-25,
2021-03-25,
2021-03-25,
2021-03-25,
2021-03-26,
2021-03-26,
2021-03-26,
2021-03-26,
2021-03-26,
2021-03-26,
2021-03-27,
2021-03-27,
2021-03-27,
2021-03-27,
2021-03-27,
2021-03-27,
2021-03-28,
2021-03-28,
2021-03-28,
2021-03-28,
2021-03-28,
2021-03-28,
2021-03-29,
2021-03-29,
2021-03-29,
2021-03-29,
2021-03-29,
2021-04-02,
2021-04-04,
2021-04-08,
2021-04-17,
2021-04-22,
2021-04-22,
2021-04-22,
2021-04-22,
2021-04-26,
2021-05-10,
2021-05-11,
2021-05-15,
2021-05-16,
2021-05-16,
2021-05-23,
2021-05-29,