"ESTADO","SEMANA2","FECHA_DOMINGO","CONFIRMADOS","DECESOS"
"01","'01-2021","2021-01-03",1318,139
"01","'02-2021","2021-01-10",964,95
"01","'03-2021","2021-01-17",1010,97
"01","'04-2021","2021-01-24",633,72
"01","'05-2021","2021-01-31",529,46
"01","'06-2021","2021-02-07",415,46
"01","'07-2021","2021-02-14",413,25
"01","'08-2021","2021-02-21",413,30
"01","'09-2021","2021-02-28",407,30
"01","'10-2020","2020-03-01",1,0
"01","'10-2021","2021-03-07",307,15
"01","'11-2020","2020-03-08",4,0
"01","'11-2021","2021-03-14",323,16
"01","'12-2020","2020-03-15",18,0
"01","'12-2021","2021-03-21",244,30
"01","'13-2020","2020-03-22",34,1
"01","'13-2021","2021-03-28",248,32
"01","'14-2020","2020-03-29",11,2
"01","'14-2021","2021-04-04",251,21
"01","'15-2020","2020-04-05",31,2
"01","'15-2021","2021-04-11",207,14
"01","'16-2020","2020-04-12",77,6
"01","'16-2021","2021-04-18",183,16
"01","'17-2020","2020-04-19",87,3
"01","'17-2021","2021-04-25",149,16
"01","'18-2020","2020-04-26",130,5
"01","'18-2021","2021-05-02",123,8
"01","'19-2020","2020-05-03",111,13
"01","'19-2021","2021-05-09",101,6
"01","'20-2020","2020-05-10",142,9
"01","'20-2021","2021-05-16",77,3
"01","'21-2020","2020-05-17",198,23
"01","'21-2021","2021-05-23",65,5
"01","'22-2020","2020-05-24",279,27
"01","'22-2021","2021-05-30",58,1
"01","'23-2020","2020-05-31",380,29
"01","'23-2021","2021-06-06",57,3
"01","'24-2020","2020-06-07",374,30
"01","'24-2021","2021-06-13",35,2
"01","'25-2020","2020-06-14",393,40
"01","'25-2021","2021-06-20",65,4
"01","'26-2020","2020-06-21",333,25
"01","'26-2021","2021-06-27",85,2
"01","'27-2020","2020-06-28",401,31
"01","'27-2021","2021-07-04",169,4
"01","'28-2020","2020-07-05",432,21
"01","'28-2021","2021-07-11",315,7
"01","'29-2020","2020-07-12",418,30
"01","'29-2021","2021-07-18",472,4
"01","'30-2020","2020-07-19",372,32
"01","'30-2021","2021-07-25",503,0
"01","'31-2020","2020-07-26",342,34
"01","'31-2021","2021-08-01",217,0
"01","'32-2020","2020-08-02",314,42
"01","'33-2020","2020-08-09",431,57
"01","'34-2020","2020-08-16",421,49
"01","'35-2020","2020-08-23",403,47
"01","'36-2020","2020-08-30",376,58
"01","'37-2020","2020-09-06",302,42
"01","'38-2020","2020-09-13",398,48
"01","'39-2020","2020-09-20",394,26
"01","'40-2020","2020-09-27",479,46
"01","'41-2020","2020-10-04",515,48
"01","'42-2020","2020-10-11",638,72
"01","'43-2020","2020-10-18",879,72
"01","'44-2020","2020-10-25",1006,89
"01","'45-2020","2020-11-01",1121,84
"01","'46-2020","2020-11-08",1111,100
"01","'47-2020","2020-11-15",1229,112
"01","'48-2020","2020-11-22",899,91
"01","'49-2020","2020-11-29",780,77
"01","'50-2020","2020-12-06",607,65
"01","'51-2020","2020-12-13",504,46
"01","'52-2020","2020-12-20",862,81
"02","'01-2021","2021-01-03",2655,406
"02","'02-2021","2021-01-10",1360,192
"02","'03-2021","2021-01-17",1115,168
"02","'04-2021","2021-01-24",730,81
"02","'05-2021","2021-01-31",658,71
"02","'06-2021","2021-02-07",487,47
"02","'07-2021","2021-02-14",378,42
"02","'08-2021","2021-02-21",394,34
"02","'09-2021","2021-02-28",330,26
"02","'10-2021","2021-03-07",211,16
"02","'11-2020","2020-03-08",15,3
"02","'11-2021","2021-03-14",299,25
"02","'12-2020","2020-03-15",58,10
"02","'12-2021","2021-03-21",265,26
"02","'13-2020","2020-03-22",182,45
"02","'13-2021","2021-03-28",234,27
"02","'14-2020","2020-03-29",371,112
"02","'14-2021","2021-04-04",254,29
"02","'15-2020","2020-04-05",621,215
"02","'15-2021","2021-04-11",263,30
"02","'16-2020","2020-04-12",668,247
"02","'16-2021","2021-04-18",251,23
"02","'17-2020","2020-04-19",731,291
"02","'17-2021","2021-04-25",260,22
"02","'18-2020","2020-04-26",803,288
"02","'18-2021","2021-05-02",371,25
"02","'19-2020","2020-05-03",854,285
"02","'19-2021","2021-05-09",334,25
"02","'20-2020","2020-05-10",909,235
"02","'20-2021","2021-05-16",276,16
"02","'21-2020","2020-05-17",1034,233
"02","'21-2021","2021-05-23",320,18
"02","'22-2020","2020-05-24",830,215
"02","'22-2021","2021-05-30",253,16
"02","'23-2020","2020-05-31",991,215
"02","'23-2021","2021-06-06",279,24
"02","'24-2020","2020-06-07",1022,187
"02","'24-2021","2021-06-13",311,25
"02","'25-2020","2020-06-14",1151,226
"02","'25-2021","2021-06-20",308,26
"02","'26-2020","2020-06-21",1066,192
"02","'26-2021","2021-06-27",323,20
"02","'27-2020","2020-06-28",1165,189
"02","'27-2021","2021-07-04",339,24
"02","'28-2020","2020-07-05",1056,155
"02","'28-2021","2021-07-11",431,20
"02","'29-2020","2020-07-12",924,164
"02","'29-2021","2021-07-18",588,15
"02","'30-2020","2020-07-19",799,120
"02","'30-2021","2021-07-25",577,4
"02","'31-2020","2020-07-26",797,102
"02","'31-2021","2021-08-01",242,0
"02","'32-2020","2020-08-02",759,91
"02","'33-2020","2020-08-09",714,95
"02","'34-2020","2020-08-16",705,95
"02","'35-2020","2020-08-23",778,77
"02","'36-2020","2020-08-30",819,88
"02","'37-2020","2020-09-06",543,59
"02","'38-2020","2020-09-13",585,83
"02","'39-2020","2020-09-20",556,67
"02","'40-2020","2020-09-27",655,71
"02","'41-2020","2020-10-04",691,100
"02","'42-2020","2020-10-11",755,91
"02","'43-2020","2020-10-18",806,101
"02","'44-2020","2020-10-25",729,118
"02","'45-2020","2020-11-01",729,138
"02","'46-2020","2020-11-08",919,172
"02","'47-2020","2020-11-15",1722,252
"02","'48-2020","2020-11-22",1779,290
"02","'49-2020","2020-11-29",1997,351
"02","'50-2020","2020-12-06",2083,435
"02","'51-2020","2020-12-13",1767,382
"02","'52-2020","2020-12-20",2283,532
"03","'01-2021","2021-01-03",2059,102
"03","'02-2021","2021-01-10",1290,68
"03","'03-2021","2021-01-17",1340,61
"03","'04-2021","2021-01-24",999,48
"03","'05-2021","2021-01-31",958,39
"03","'06-2021","2021-02-07",564,31
"03","'07-2021","2021-02-14",597,15
"03","'08-2021","2021-02-21",433,17
"03","'09-2021","2021-02-28",392,16
"03","'10-2021","2021-03-07",359,14
"03","'11-2020","2020-03-08",1,0
"03","'11-2021","2021-03-14",540,16
"03","'12-2020","2020-03-15",15,1
"03","'12-2021","2021-03-21",470,13
"03","'13-2020","2020-03-22",41,5
"03","'13-2021","2021-03-28",407,13
"03","'14-2020","2020-03-29",122,7
"03","'14-2021","2021-04-04",539,13
"03","'15-2020","2020-04-05",69,8
"03","'15-2021","2021-04-11",430,16
"03","'16-2020","2020-04-12",51,6
"03","'16-2021","2021-04-18",416,12
"03","'17-2020","2020-04-19",55,4
"03","'17-2021","2021-04-25",377,15
"03","'18-2020","2020-04-26",50,3
"03","'18-2021","2021-05-02",335,16
"03","'19-2020","2020-05-03",63,7
"03","'19-2021","2021-05-09",379,18
"03","'20-2020","2020-05-10",82,3
"03","'20-2021","2021-05-16",631,28
"03","'21-2020","2020-05-17",100,9
"03","'21-2021","2021-05-23",753,20
"03","'22-2020","2020-05-24",113,8
"03","'22-2021","2021-05-30",1230,40
"03","'23-2020","2020-05-31",220,10
"03","'23-2021","2021-06-06",1986,63
"03","'24-2020","2020-06-07",232,10
"03","'24-2021","2021-06-13",2594,98
"03","'25-2020","2020-06-14",265,14
"03","'25-2021","2021-06-20",2504,74
"03","'26-2020","2020-06-21",337,29
"03","'26-2021","2021-06-27",2315,110
"03","'27-2020","2020-06-28",535,31
"03","'27-2021","2021-07-04",2156,61
"03","'28-2020","2020-07-05",729,39
"03","'28-2021","2021-07-11",1863,58
"03","'29-2020","2020-07-12",681,48
"03","'29-2021","2021-07-18",1702,28
"03","'30-2020","2020-07-19",795,68
"03","'30-2021","2021-07-25",1328,10
"03","'31-2020","2020-07-26",797,57
"03","'31-2021","2021-08-01",363,0
"03","'32-2020","2020-08-02",721,53
"03","'33-2020","2020-08-09",718,45
"03","'34-2020","2020-08-16",616,45
"03","'35-2020","2020-08-23",662,29
"03","'36-2020","2020-08-30",688,36
"03","'37-2020","2020-09-06",557,21
"03","'38-2020","2020-09-13",554,18
"03","'39-2020","2020-09-20",512,16
"03","'40-2020","2020-09-27",515,13
"03","'41-2020","2020-10-04",506,18
"03","'42-2020","2020-10-11",602,16
"03","'43-2020","2020-10-18",553,19
"03","'44-2020","2020-10-25",450,11
"03","'45-2020","2020-11-01",470,19
"03","'46-2020","2020-11-08",424,15
"03","'47-2020","2020-11-15",491,13
"03","'48-2020","2020-11-22",594,22
"03","'49-2020","2020-11-29",600,23
"03","'50-2020","2020-12-06",751,31
"03","'51-2020","2020-12-13",767,34
"03","'52-2020","2020-12-20",1376,62
"04","'01-2021","2021-01-03",246,22
"04","'02-2021","2021-01-10",175,12
"04","'03-2021","2021-01-17",170,13
"04","'04-2021","2021-01-24",143,13
"04","'05-2021","2021-01-31",101,13
"04","'06-2021","2021-02-07",91,16
"04","'07-2021","2021-02-14",127,8
"04","'08-2021","2021-02-21",120,11
"04","'09-2021","2021-02-28",100,6
"04","'10-2020","2020-03-01",1,0
"04","'10-2021","2021-03-07",94,6
"04","'11-2020","2020-03-08",2,0
"04","'11-2021","2021-03-14",104,8
"04","'12-2020","2020-03-15",1,0
"04","'12-2021","2021-03-21",101,14
"04","'13-2020","2020-03-22",7,2
"04","'13-2021","2021-03-28",74,9
"04","'14-2020","2020-03-29",14,2
"04","'14-2021","2021-04-04",84,5
"04","'15-2020","2020-04-05",22,3
"04","'15-2021","2021-04-11",106,4
"04","'16-2020","2020-04-12",31,11
"04","'16-2021","2021-04-18",120,5
"04","'17-2020","2020-04-19",68,14
"04","'17-2021","2021-04-25",150,8
"04","'18-2020","2020-04-26",94,14
"04","'18-2021","2021-05-02",116,7
"04","'19-2020","2020-05-03",126,17
"04","'19-2021","2021-05-09",213,4
"04","'20-2020","2020-05-10",154,24
"04","'20-2021","2021-05-16",158,9
"04","'21-2020","2020-05-17",175,26
"04","'21-2021","2021-05-23",249,13
"04","'22-2020","2020-05-24",190,26
"04","'22-2021","2021-05-30",208,16
"04","'23-2020","2020-05-31",312,44
"04","'23-2021","2021-06-06",407,34
"04","'24-2020","2020-06-07",497,55
"04","'24-2021","2021-06-13",539,27
"04","'25-2020","2020-06-14",618,109
"04","'25-2021","2021-06-20",548,31
"04","'26-2020","2020-06-21",525,92
"04","'26-2021","2021-06-27",571,38
"04","'27-2020","2020-06-28",619,129
"04","'27-2021","2021-07-04",576,27
"04","'28-2020","2020-07-05",622,94
"04","'28-2021","2021-07-11",557,23
"04","'29-2020","2020-07-12",568,108
"04","'29-2021","2021-07-18",780,23
"04","'30-2020","2020-07-19",427,80
"04","'30-2021","2021-07-25",809,9
"04","'31-2020","2020-07-26",304,37
"04","'31-2021","2021-08-01",215,0
"04","'32-2020","2020-08-02",177,25
"04","'33-2020","2020-08-09",205,21
"04","'34-2020","2020-08-16",182,20
"04","'35-2020","2020-08-23",132,13
"04","'36-2020","2020-08-30",85,9
"04","'37-2020","2020-09-06",83,9
"04","'38-2020","2020-09-13",103,7
"04","'39-2020","2020-09-20",71,4
"04","'40-2020","2020-09-27",84,7
"04","'41-2020","2020-10-04",79,5
"04","'42-2020","2020-10-11",58,4
"04","'43-2020","2020-10-18",84,1
"04","'44-2020","2020-10-25",56,4
"04","'45-2020","2020-11-01",71,4
"04","'46-2020","2020-11-08",73,5
"04","'47-2020","2020-11-15",90,5
"04","'48-2020","2020-11-22",93,2
"04","'49-2020","2020-11-29",105,5
"04","'50-2020","2020-12-06",123,5
"04","'51-2020","2020-12-13",117,9
"04","'52-2020","2020-12-20",188,18
"05","'01-2021","2021-01-03",3438,384
"05","'02-2021","2021-01-10",2256,263
"05","'03-2021","2021-01-17",2014,187
"05","'04-2021","2021-01-24",1348,122
"05","'05-2021","2021-01-31",1050,86
"05","'06-2021","2021-02-07",732,57
"05","'07-2021","2021-02-14",672,61
"05","'08-2021","2021-02-21",518,49
"05","'09-2020","2020-02-23",2,0
"05","'09-2021","2021-02-28",433,27
"05","'10-2020","2020-03-01",1,0
"05","'10-2021","2021-03-07",299,18
"05","'11-2020","2020-03-08",4,1
"05","'11-2021","2021-03-14",296,30
"05","'12-2020","2020-03-15",27,5
"05","'12-2021","2021-03-21",277,13
"05","'13-2020","2020-03-22",96,15
"05","'13-2021","2021-03-28",205,16
"05","'14-2020","2020-03-29",107,12
"05","'14-2021","2021-04-04",287,10
"05","'15-2020","2020-04-05",92,17
"05","'15-2021","2021-04-11",218,13
"05","'16-2020","2020-04-12",93,13
"05","'16-2021","2021-04-18",199,10
"05","'17-2020","2020-04-19",104,10
"05","'17-2021","2021-04-25",181,10
"05","'18-2020","2020-04-26",114,12
"05","'18-2021","2021-05-02",183,9
"05","'19-2020","2020-05-03",163,8
"05","'19-2021","2021-05-09",159,9
"05","'20-2020","2020-05-10",246,12
"05","'20-2021","2021-05-16",151,11
"05","'21-2020","2020-05-17",370,24
"05","'21-2021","2021-05-23",141,3
"05","'22-2020","2020-05-24",472,25
"05","'22-2021","2021-05-30",171,8
"05","'23-2020","2020-05-31",690,50
"05","'23-2021","2021-06-06",170,7
"05","'24-2020","2020-06-07",976,58
"05","'24-2021","2021-06-13",185,12
"05","'25-2020","2020-06-14",1381,81
"05","'25-2021","2021-06-20",189,5
"05","'26-2020","2020-06-21",1698,126
"05","'26-2021","2021-06-27",270,4
"05","'27-2020","2020-06-28",1918,122
"05","'27-2021","2021-07-04",640,15
"05","'28-2020","2020-07-05",2071,196
"05","'28-2021","2021-07-11",900,23
"05","'29-2020","2020-07-12",1909,174
"05","'29-2021","2021-07-18",1310,22
"05","'30-2020","2020-07-19",2148,193
"05","'30-2021","2021-07-25",1572,11
"05","'31-2020","2020-07-26",2080,186
"05","'31-2021","2021-08-01",526,3
"05","'32-2020","2020-08-02",1883,169
"05","'33-2020","2020-08-09",2038,146
"05","'34-2020","2020-08-16",1784,120
"05","'35-2020","2020-08-23",1319,114
"05","'36-2020","2020-08-30",1163,113
"05","'37-2020","2020-09-06",829,87
"05","'38-2020","2020-09-13",1035,94
"05","'39-2020","2020-09-20",1106,67
"05","'40-2020","2020-09-27",1476,83
"05","'41-2020","2020-10-04",1736,139
"05","'42-2020","2020-10-11",2091,181
"05","'43-2020","2020-10-18",2470,228
"05","'44-2020","2020-10-25",2167,232
"05","'45-2020","2020-11-01",2258,260
"05","'46-2020","2020-11-08",2219,305
"05","'47-2020","2020-11-15",1906,252
"05","'48-2020","2020-11-22",1795,214
"05","'49-2020","2020-11-29",1690,211
"05","'50-2020","2020-12-06",1770,175
"05","'51-2020","2020-12-13",1758,204
"05","'52-2020","2020-12-20",2704,354
"06","'01-2021","2021-01-03",542,64
"06","'02-2021","2021-01-10",407,38
"06","'03-2021","2021-01-17",370,49
"06","'04-2021","2021-01-24",297,38
"06","'05-2021","2021-01-31",281,32
"06","'06-2021","2021-02-07",181,29
"06","'07-2021","2021-02-14",161,16
"06","'08-2021","2021-02-21",114,16
"06","'09-2021","2021-02-28",115,10
"06","'10-2021","2021-03-07",101,11
"06","'11-2020","2020-03-08",2,0
"06","'11-2021","2021-03-14",83,5
"06","'12-2021","2021-03-21",64,2
"06","'13-2020","2020-03-22",5,0
"06","'13-2021","2021-03-28",82,8
"06","'14-2021","2021-04-04",118,3
"06","'15-2020","2020-04-05",8,3
"06","'15-2021","2021-04-11",116,5
"06","'16-2020","2020-04-12",9,2
"06","'16-2021","2021-04-18",117,4
"06","'17-2020","2020-04-19",7,1
"06","'17-2021","2021-04-25",159,4
"06","'18-2020","2020-04-26",15,4
"06","'18-2021","2021-05-02",150,5
"06","'19-2020","2020-05-03",20,2
"06","'19-2021","2021-05-09",144,2
"06","'20-2020","2020-05-10",45,12
"06","'20-2021","2021-05-16",139,6
"06","'21-2020","2020-05-17",52,9
"06","'21-2021","2021-05-23",116,4
"06","'22-2020","2020-05-24",54,7
"06","'22-2021","2021-05-30",101,4
"06","'23-2020","2020-05-31",85,10
"06","'23-2021","2021-06-06",87,4
"06","'24-2020","2020-06-07",102,17
"06","'24-2021","2021-06-13",87,5
"06","'25-2020","2020-06-14",149,24
"06","'25-2021","2021-06-20",133,7
"06","'26-2020","2020-06-21",145,16
"06","'26-2021","2021-06-27",195,6
"06","'27-2020","2020-06-28",202,29
"06","'27-2021","2021-07-04",369,8
"06","'28-2020","2020-07-05",305,43
"06","'28-2021","2021-07-11",937,17
"06","'29-2020","2020-07-12",409,43
"06","'29-2021","2021-07-18",1683,22
"06","'30-2020","2020-07-19",403,54
"06","'30-2021","2021-07-25",2091,13
"06","'31-2020","2020-07-26",380,53
"06","'31-2021","2021-08-01",667,1
"06","'32-2020","2020-08-02",424,45
"06","'33-2020","2020-08-09",457,54
"06","'34-2020","2020-08-16",454,48
"06","'35-2020","2020-08-23",351,31
"06","'36-2020","2020-08-30",274,29
"06","'37-2020","2020-09-06",266,35
"06","'38-2020","2020-09-13",393,39
"06","'39-2020","2020-09-20",366,32
"06","'40-2020","2020-09-27",366,35
"06","'41-2020","2020-10-04",354,34
"06","'42-2020","2020-10-11",289,21
"06","'43-2020","2020-10-18",240,18
"06","'44-2020","2020-10-25",189,10
"06","'45-2020","2020-11-01",165,12
"06","'46-2020","2020-11-08",110,9
"06","'47-2020","2020-11-15",138,11
"06","'48-2020","2020-11-22",140,8
"06","'49-2020","2020-11-29",138,8
"06","'50-2020","2020-12-06",143,8
"06","'51-2020","2020-12-13",169,14
"06","'52-2020","2020-12-20",330,32
"07","'01-2021","2021-01-03",427,72
"07","'02-2021","2021-01-10",256,48
"07","'03-2021","2021-01-17",223,31
"07","'04-2021","2021-01-24",230,8
"07","'05-2021","2021-01-31",147,17
"07","'06-2021","2021-02-07",119,13
"07","'07-2021","2021-02-14",97,12
"07","'08-2021","2021-02-21",110,7
"07","'09-2020","2020-02-23",1,0
"07","'09-2021","2021-02-28",124,13
"07","'10-2021","2021-03-07",107,8
"07","'11-2020","2020-03-08",2,0
"07","'11-2021","2021-03-14",102,12
"07","'12-2020","2020-03-15",7,1
"07","'12-2021","2021-03-21",88,9
"07","'13-2020","2020-03-22",17,2
"07","'13-2021","2021-03-28",110,3
"07","'14-2020","2020-03-29",18,4
"07","'14-2021","2021-04-04",112,5
"07","'15-2020","2020-04-05",26,4
"07","'15-2021","2021-04-11",100,8
"07","'16-2020","2020-04-12",61,7
"07","'16-2021","2021-04-18",131,9
"07","'17-2020","2020-04-19",101,10
"07","'17-2021","2021-04-25",91,3
"07","'18-2020","2020-04-26",174,27
"07","'18-2021","2021-05-02",92,8
"07","'19-2020","2020-05-03",292,45
"07","'19-2021","2021-05-09",104,5
"07","'20-2020","2020-05-10",472,76
"07","'20-2021","2021-05-16",109,0
"07","'21-2020","2020-05-17",748,120
"07","'21-2021","2021-05-23",150,3
"07","'22-2020","2020-05-24",824,140
"07","'22-2021","2021-05-30",173,10
"07","'23-2020","2020-05-31",781,157
"07","'23-2021","2021-06-06",234,8
"07","'24-2020","2020-06-07",639,145
"07","'24-2021","2021-06-13",258,10
"07","'25-2020","2020-06-14",537,123
"07","'25-2021","2021-06-20",262,12
"07","'26-2020","2020-06-21",435,110
"07","'26-2021","2021-06-27",278,13
"07","'27-2020","2020-06-28",348,82
"07","'27-2021","2021-07-04",482,22
"07","'28-2020","2020-07-05",342,56
"07","'28-2021","2021-07-11",726,30
"07","'29-2020","2020-07-12",304,50
"07","'29-2021","2021-07-18",974,44
"07","'30-2020","2020-07-19",222,35
"07","'30-2021","2021-07-25",1008,9
"07","'31-2020","2020-07-26",217,20
"07","'31-2021","2021-08-01",270,0
"07","'32-2020","2020-08-02",171,18
"07","'33-2020","2020-08-09",158,7
"07","'34-2020","2020-08-16",98,6
"07","'35-2020","2020-08-23",88,9
"07","'36-2020","2020-08-30",106,5
"07","'37-2020","2020-09-06",84,2
"07","'38-2020","2020-09-13",96,5
"07","'39-2020","2020-09-20",81,6
"07","'40-2020","2020-09-27",67,4
"07","'41-2020","2020-10-04",57,2
"07","'42-2020","2020-10-11",51,3
"07","'43-2020","2020-10-18",44,4
"07","'44-2020","2020-10-25",25,1
"07","'45-2020","2020-11-01",46,2
"07","'46-2020","2020-11-08",63,1
"07","'47-2020","2020-11-15",61,6
"07","'48-2020","2020-11-22",76,6
"07","'49-2020","2020-11-29",120,5
"07","'50-2020","2020-12-06",154,7
"07","'51-2020","2020-12-13",175,19
"07","'52-2020","2020-12-20",219,40
"08","'01-2021","2021-01-03",1036,187
"08","'02-2021","2021-01-10",646,89
"08","'03-2021","2021-01-17",682,86
"08","'04-2021","2021-01-24",487,77
"08","'05-2021","2021-01-31",544,66
"08","'06-2021","2021-02-07",466,66
"08","'07-2021","2021-02-14",664,69
"08","'08-2021","2021-02-21",617,71
"08","'09-2021","2021-02-28",721,71
"08","'10-2021","2021-03-07",643,77
"08","'11-2020","2020-03-08",4,0
"08","'11-2021","2021-03-14",918,92
"08","'12-2020","2020-03-15",17,4
"08","'12-2021","2021-03-21",1063,96
"08","'13-2020","2020-03-22",37,16
"08","'13-2021","2021-03-28",1453,116
"08","'14-2020","2020-03-29",89,46
"08","'14-2021","2021-04-04",1524,118
"08","'15-2020","2020-04-05",178,75
"08","'15-2021","2021-04-11",1340,94
"08","'16-2020","2020-04-12",329,125
"08","'16-2021","2021-04-18",1263,87
"08","'17-2020","2020-04-19",475,161
"08","'17-2021","2021-04-25",925,60
"08","'18-2020","2020-04-26",521,167
"08","'18-2021","2021-05-02",692,30
"08","'19-2020","2020-05-03",555,144
"08","'19-2021","2021-05-09",624,34
"08","'20-2020","2020-05-10",517,101
"08","'20-2021","2021-05-16",426,27
"08","'21-2020","2020-05-17",540,78
"08","'21-2021","2021-05-23",327,28
"08","'22-2020","2020-05-24",437,76
"08","'22-2021","2021-05-30",287,21
"08","'23-2020","2020-05-31",406,72
"08","'23-2021","2021-06-06",218,9
"08","'24-2020","2020-06-07",390,64
"08","'24-2021","2021-06-13",195,9
"08","'25-2020","2020-06-14",399,48
"08","'25-2021","2021-06-20",202,7
"08","'26-2020","2020-06-21",455,69
"08","'26-2021","2021-06-27",350,18
"08","'27-2020","2020-06-28",629,97
"08","'27-2021","2021-07-04",494,11
"08","'28-2020","2020-07-05",657,73
"08","'28-2021","2021-07-11",581,8
"08","'29-2020","2020-07-12",693,87
"08","'29-2021","2021-07-18",733,7
"08","'30-2020","2020-07-19",722,64
"08","'30-2021","2021-07-25",552,1
"08","'31-2020","2020-07-26",646,63
"08","'31-2021","2021-08-01",120,0
"08","'32-2020","2020-08-02",619,59
"08","'33-2020","2020-08-09",740,54
"08","'34-2020","2020-08-16",730,62
"08","'35-2020","2020-08-23",747,62
"08","'36-2020","2020-08-30",750,79
"08","'37-2020","2020-09-06",654,68
"08","'38-2020","2020-09-13",889,73
"08","'39-2020","2020-09-20",996,88
"08","'40-2020","2020-09-27",1891,209
"08","'41-2020","2020-10-04",3347,311
"08","'42-2020","2020-10-11",4246,494
"08","'43-2020","2020-10-18",3798,580
"08","'44-2020","2020-10-25",3145,564
"08","'45-2020","2020-11-01",2219,414
"08","'46-2020","2020-11-08",1663,344
"08","'47-2020","2020-11-15",1584,231
"08","'48-2020","2020-11-22",863,133
"08","'49-2020","2020-11-29",686,131
"08","'50-2020","2020-12-06",617,93
"08","'51-2020","2020-12-13",530,105
"08","'52-2020","2020-12-20",789,160
"09","'01-2021","2021-01-03",53299,2406
"09","'02-2021","2021-01-10",34745,1457
"09","'03-2021","2021-01-17",30736,1257
"09","'04-2021","2021-01-24",22869,1004
"09","'05-2021","2021-01-31",18669,800
"09","'06-2021","2021-02-07",16437,697
"09","'07-2021","2021-02-14",14945,679
"09","'08-2020","2020-02-16",4,0
"09","'08-2021","2021-02-21",14329,575
"09","'09-2020","2020-02-23",11,0
"09","'09-2021","2021-02-28",13335,475
"09","'10-2020","2020-03-01",44,3
"09","'10-2021","2021-03-07",10348,375
"09","'11-2020","2020-03-08",226,7
"09","'11-2021","2021-03-14",10063,345
"09","'12-2020","2020-03-15",326,48
"09","'12-2021","2021-03-21",8481,274
"09","'13-2020","2020-03-22",484,92
"09","'13-2021","2021-03-28",6597,192
"09","'14-2020","2020-03-29",861,161
"09","'14-2021","2021-04-04",7429,173
"09","'15-2020","2020-04-05",1500,342
"09","'15-2021","2021-04-11",6153,141
"09","'16-2020","2020-04-12",2585,547
"09","'16-2021","2021-04-18",5498,86
"09","'17-2020","2020-04-19",3507,794
"09","'17-2021","2021-04-25",4283,73
"09","'18-2020","2020-04-26",4379,937
"09","'18-2021","2021-05-02",3405,56
"09","'19-2020","2020-05-03",5551,1094
"09","'19-2021","2021-05-09",3218,50
"09","'20-2020","2020-05-10",5661,954
"09","'20-2021","2021-05-16",3278,39
"09","'21-2020","2020-05-17",6131,911
"09","'21-2021","2021-05-23",3628,31
"09","'22-2020","2020-05-24",5885,845
"09","'22-2021","2021-05-30",4192,54
"09","'23-2020","2020-05-31",6219,793
"09","'23-2021","2021-06-06",5061,59
"09","'24-2020","2020-06-07",5314,610
"09","'24-2021","2021-06-13",7088,96
"09","'25-2020","2020-06-14",5434,521
"09","'25-2021","2021-06-20",9900,145
"09","'26-2020","2020-06-21",5120,432
"09","'26-2021","2021-06-27",14805,190
"09","'27-2020","2020-06-28",5810,434
"09","'27-2021","2021-07-04",22309,242
"09","'28-2020","2020-07-05",5716,398
"09","'28-2021","2021-07-11",25204,283
"09","'29-2020","2020-07-12",6426,388
"09","'29-2021","2021-07-18",28439,216
"09","'30-2020","2020-07-19",6427,384
"09","'30-2021","2021-07-25",24407,79
"09","'31-2020","2020-07-26",5866,339
"09","'31-2021","2021-08-01",10603,10
"09","'32-2020","2020-08-02",5270,283
"09","'33-2020","2020-08-09",6210,294
"09","'34-2020","2020-08-16",6836,321
"09","'35-2020","2020-08-23",7271,360
"09","'36-2020","2020-08-30",7299,345
"09","'37-2020","2020-09-06",6145,297
"09","'38-2020","2020-09-13",6737,302
"09","'39-2020","2020-09-20",6268,324
"09","'40-2020","2020-09-27",6761,358
"09","'41-2020","2020-10-04",7649,324
"09","'42-2020","2020-10-11",8589,366
"09","'43-2020","2020-10-18",10413,349
"09","'44-2020","2020-10-25",10210,432
"09","'45-2020","2020-11-01",10625,476
"09","'46-2020","2020-11-08",11990,584
"09","'47-2020","2020-11-15",14406,614
"09","'48-2020","2020-11-22",18533,721
"09","'49-2020","2020-11-29",27989,1013
"09","'50-2020","2020-12-06",30245,1169
"09","'51-2020","2020-12-13",30127,1392
"09","'52-2020","2020-12-20",43020,2199
"10","'01-2021","2021-01-03",1321,113
"10","'02-2021","2021-01-10",771,55
"10","'03-2021","2021-01-17",658,51
"10","'04-2021","2021-01-24",501,48
"10","'05-2021","2021-01-31",481,49
"10","'06-2021","2021-02-07",361,41
"10","'07-2021","2021-02-14",332,15
"10","'08-2021","2021-02-21",316,20
"10","'09-2021","2021-02-28",336,27
"10","'10-2020","2020-03-01",1,0
"10","'10-2021","2021-03-07",283,32
"10","'11-2020","2020-03-08",3,1
"10","'11-2021","2021-03-14",297,19
"10","'12-2020","2020-03-15",3,1
"10","'12-2021","2021-03-21",240,26
"10","'13-2020","2020-03-22",8,3
"10","'13-2021","2021-03-28",266,21
"10","'14-2020","2020-03-29",5,1
"10","'14-2021","2021-04-04",315,14
"10","'15-2020","2020-04-05",12,1
"10","'15-2021","2021-04-11",255,12
"10","'16-2020","2020-04-12",15,2
"10","'16-2021","2021-04-18",219,14
"10","'17-2020","2020-04-19",42,5
"10","'17-2021","2021-04-25",166,13
"10","'18-2020","2020-04-26",35,10
"10","'18-2021","2021-05-02",128,4
"10","'19-2020","2020-05-03",62,13
"10","'19-2021","2021-05-09",166,5
"10","'20-2020","2020-05-10",87,13
"10","'20-2021","2021-05-16",140,7
"10","'21-2020","2020-05-17",146,17
"10","'21-2021","2021-05-23",116,3
"10","'22-2020","2020-05-24",230,22
"10","'22-2021","2021-05-30",161,4
"10","'23-2020","2020-05-31",407,37
"10","'23-2021","2021-06-06",110,4
"10","'24-2020","2020-06-07",379,35
"10","'24-2021","2021-06-13",100,5
"10","'25-2020","2020-06-14",386,31
"10","'25-2021","2021-06-20",139,2
"10","'26-2020","2020-06-21",552,38
"10","'26-2021","2021-06-27",206,6
"10","'27-2020","2020-06-28",399,34
"10","'27-2021","2021-07-04",398,8
"10","'28-2020","2020-07-05",512,41
"10","'28-2021","2021-07-11",732,13
"10","'29-2020","2020-07-12",510,40
"10","'29-2021","2021-07-18",1164,13
"10","'30-2020","2020-07-19",537,44
"10","'30-2021","2021-07-25",1338,3
"10","'31-2020","2020-07-26",534,46
"10","'31-2021","2021-08-01",446,3
"10","'32-2020","2020-08-02",493,35
"10","'33-2020","2020-08-09",565,50
"10","'34-2020","2020-08-16",634,47
"10","'35-2020","2020-08-23",663,40
"10","'36-2020","2020-08-30",678,48
"10","'37-2020","2020-09-06",489,35
"10","'38-2020","2020-09-13",590,39
"10","'39-2020","2020-09-20",577,34
"10","'40-2020","2020-09-27",825,48
"10","'41-2020","2020-10-04",1247,71
"10","'42-2020","2020-10-11",1512,90
"10","'43-2020","2020-10-18",1900,106
"10","'44-2020","2020-10-25",1829,119
"10","'45-2020","2020-11-01",1606,99
"10","'46-2020","2020-11-08",1667,111
"10","'47-2020","2020-11-15",1652,114
"10","'48-2020","2020-11-22",1356,101
"10","'49-2020","2020-11-29",960,81
"10","'50-2020","2020-12-06",822,60
"10","'51-2020","2020-12-13",785,70
"10","'52-2020","2020-12-20",928,90
"11","'01-2021","2021-01-03",9914,1098
"11","'02-2021","2021-01-10",5854,682
"11","'03-2021","2021-01-17",5120,583
"11","'04-2021","2021-01-24",3972,444
"11","'05-2021","2021-01-31",3497,286
"11","'06-2021","2021-02-07",2510,210
"11","'07-2021","2021-02-14",2372,183
"11","'08-2021","2021-02-21",1813,121
"11","'09-2020","2020-02-23",3,0
"11","'09-2021","2021-02-28",1411,86
"11","'10-2020","2020-03-01",23,0
"11","'10-2021","2021-03-07",1301,68
"11","'11-2020","2020-03-08",29,0
"11","'11-2021","2021-03-14",1314,76
"11","'12-2020","2020-03-15",42,1
"11","'12-2021","2021-03-21",1007,72
"11","'13-2020","2020-03-22",28,2
"11","'13-2021","2021-03-28",767,61
"11","'14-2020","2020-03-29",35,8
"11","'14-2021","2021-04-04",662,43
"11","'15-2020","2020-04-05",38,4
"11","'15-2021","2021-04-11",494,18
"11","'16-2020","2020-04-12",99,17
"11","'16-2021","2021-04-18",532,22
"11","'17-2020","2020-04-19",108,22
"11","'17-2021","2021-04-25",342,12
"11","'18-2020","2020-04-26",156,32
"11","'18-2021","2021-05-02",295,14
"11","'19-2020","2020-05-03",245,28
"11","'19-2021","2021-05-09",287,6
"11","'20-2020","2020-05-10",342,38
"11","'20-2021","2021-05-16",238,7
"11","'21-2020","2020-05-17",516,50
"11","'21-2021","2021-05-23",175,5
"11","'22-2020","2020-05-24",1018,87
"11","'22-2021","2021-05-30",206,6
"11","'23-2020","2020-05-31",1223,146
"11","'23-2021","2021-06-06",224,5
"11","'24-2020","2020-06-07",1700,190
"11","'24-2021","2021-06-13",200,2
"11","'25-2020","2020-06-14",2253,237
"11","'25-2021","2021-06-20",266,2
"11","'26-2020","2020-06-21",2263,265
"11","'26-2021","2021-06-27",507,5
"11","'27-2020","2020-06-28",2880,294
"11","'27-2021","2021-07-04",1182,20
"11","'28-2020","2020-07-05",3127,270
"11","'28-2021","2021-07-11",1743,26
"11","'29-2020","2020-07-12",3149,264
"11","'29-2021","2021-07-18",2089,24
"11","'30-2020","2020-07-19",3235,284
"11","'30-2021","2021-07-25",2287,12
"11","'31-2020","2020-07-26",2667,240
"11","'31-2021","2021-08-01",611,0
"11","'32-2020","2020-08-02",2284,182
"11","'33-2020","2020-08-09",2339,156
"11","'34-2020","2020-08-16",2572,138
"11","'35-2020","2020-08-23",2654,140
"11","'36-2020","2020-08-30",2382,106
"11","'37-2020","2020-09-06",2056,102
"11","'38-2020","2020-09-13",1554,84
"11","'39-2020","2020-09-20",1392,73
"11","'40-2020","2020-09-27",1452,91
"11","'41-2020","2020-10-04",1676,79
"11","'42-2020","2020-10-11",2048,133
"11","'43-2020","2020-10-18",2698,108
"11","'44-2020","2020-10-25",2534,122
"11","'45-2020","2020-11-01",2884,188
"11","'46-2020","2020-11-08",3645,245
"11","'47-2020","2020-11-15",4509,299
"11","'48-2020","2020-11-22",4630,321
"11","'49-2020","2020-11-29",4952,357
"11","'50-2020","2020-12-06",4583,385
"11","'51-2020","2020-12-13",4157,444
"11","'52-2020","2020-12-20",6268,784
"12","'01-2021","2021-01-03",2067,233
"12","'02-2021","2021-01-10",1538,178
"12","'03-2021","2021-01-17",1405,139
"12","'04-2021","2021-01-24",1135,135
"12","'05-2021","2021-01-31",883,127
"12","'06-2021","2021-02-07",667,81
"12","'07-2021","2021-02-14",596,73
"12","'08-2021","2021-02-21",572,61
"12","'09-2021","2021-02-28",564,71
"12","'10-2020","2020-03-01",1,0
"12","'10-2021","2021-03-07",474,59
"12","'11-2020","2020-03-08",7,0
"12","'11-2021","2021-03-14",511,52
"12","'12-2020","2020-03-15",16,3
"12","'12-2021","2021-03-21",396,35
"12","'13-2020","2020-03-22",11,2
"12","'13-2021","2021-03-28",486,47
"12","'14-2020","2020-03-29",42,10
"12","'14-2021","2021-04-04",540,47
"12","'15-2020","2020-04-05",62,15
"12","'15-2021","2021-04-11",395,35
"12","'16-2020","2020-04-12",79,20
"12","'16-2021","2021-04-18",397,25
"12","'17-2020","2020-04-19",181,49
"12","'17-2021","2021-04-25",446,24
"12","'18-2020","2020-04-26",278,61
"12","'18-2021","2021-05-02",382,15
"12","'19-2020","2020-05-03",356,96
"12","'19-2021","2021-05-09",273,20
"12","'20-2020","2020-05-10",678,164
"12","'20-2021","2021-05-16",251,10
"12","'21-2020","2020-05-17",824,196
"12","'21-2021","2021-05-23",171,13
"12","'22-2020","2020-05-24",810,195
"12","'22-2021","2021-05-30",160,16
"12","'23-2020","2020-05-31",841,175
"12","'23-2021","2021-06-06",135,8
"12","'24-2020","2020-06-07",892,186
"12","'24-2021","2021-06-13",171,9
"12","'25-2020","2020-06-14",894,145
"12","'25-2021","2021-06-20",338,12
"12","'26-2020","2020-06-21",1402,124
"12","'26-2021","2021-06-27",1147,34
"12","'27-2020","2020-06-28",1212,112
"12","'27-2021","2021-07-04",2394,79
"12","'28-2020","2020-07-05",910,84
"12","'28-2021","2021-07-11",3092,127
"12","'29-2020","2020-07-12",1061,88
"12","'29-2021","2021-07-18",3886,109
"12","'30-2020","2020-07-19",1127,79
"12","'30-2021","2021-07-25",3284,36
"12","'31-2020","2020-07-26",1135,82
"12","'31-2021","2021-08-01",556,1
"12","'32-2020","2020-08-02",868,72
"12","'33-2020","2020-08-09",730,61
"12","'34-2020","2020-08-16",729,58
"12","'35-2020","2020-08-23",818,38
"12","'36-2020","2020-08-30",1084,60
"12","'37-2020","2020-09-06",1009,65
"12","'38-2020","2020-09-13",1053,72
"12","'39-2020","2020-09-20",844,69
"12","'40-2020","2020-09-27",859,81
"12","'41-2020","2020-10-04",651,30
"12","'42-2020","2020-10-11",531,49
"12","'43-2020","2020-10-18",410,48
"12","'44-2020","2020-10-25",351,40
"12","'45-2020","2020-11-01",356,30
"12","'46-2020","2020-11-08",347,34
"12","'47-2020","2020-11-15",451,39
"12","'48-2020","2020-11-22",405,39
"12","'49-2020","2020-11-29",512,51
"12","'50-2020","2020-12-06",642,65
"12","'51-2020","2020-12-13",567,61
"12","'52-2020","2020-12-20",1145,129
"13","'01-2021","2021-01-03",2815,519
"13","'02-2021","2021-01-10",1594,340
"13","'03-2021","2021-01-17",1473,267
"13","'04-2021","2021-01-24",868,176
"13","'05-2021","2021-01-31",755,151
"13","'06-2021","2021-02-07",509,91
"13","'07-2021","2021-02-14",625,89
"13","'08-2020","2020-02-16",1,0
"13","'08-2021","2021-02-21",589,78
"13","'09-2021","2021-02-28",483,72
"13","'10-2020","2020-03-01",1,1
"13","'10-2021","2021-03-07",385,48
"13","'11-2020","2020-03-08",5,1
"13","'11-2021","2021-03-14",445,51
"13","'12-2020","2020-03-15",10,2
"13","'12-2021","2021-03-21",371,54
"13","'13-2020","2020-03-22",25,3
"13","'13-2021","2021-03-28",362,62
"13","'14-2020","2020-03-29",23,4
"13","'14-2021","2021-04-04",428,40
"13","'15-2020","2020-04-05",44,11
"13","'15-2021","2021-04-11",341,23
"13","'16-2020","2020-04-12",93,31
"13","'16-2021","2021-04-18",261,28
"13","'17-2020","2020-04-19",186,61
"13","'17-2021","2021-04-25",174,10
"13","'18-2020","2020-04-26",226,74
"13","'18-2021","2021-05-02",137,10
"13","'19-2020","2020-05-03",319,88
"13","'19-2021","2021-05-09",112,10
"13","'20-2020","2020-05-10",425,79
"13","'20-2021","2021-05-16",154,10
"13","'21-2020","2020-05-17",534,92
"13","'21-2021","2021-05-23",130,9
"13","'22-2020","2020-05-24",488,70
"13","'22-2021","2021-05-30",130,11
"13","'23-2020","2020-05-31",518,79
"13","'23-2021","2021-06-06",113,9
"13","'24-2020","2020-06-07",489,80
"13","'24-2021","2021-06-13",154,11
"13","'25-2020","2020-06-14",546,91
"13","'25-2021","2021-06-20",219,9
"13","'26-2020","2020-06-21",526,75
"13","'26-2021","2021-06-27",475,20
"13","'27-2020","2020-06-28",528,100
"13","'27-2021","2021-07-04",889,47
"13","'28-2020","2020-07-05",636,104
"13","'28-2021","2021-07-11",1315,52
"13","'29-2020","2020-07-12",832,124
"13","'29-2021","2021-07-18",1864,41
"13","'30-2020","2020-07-19",838,137
"13","'30-2021","2021-07-25",1824,33
"13","'31-2020","2020-07-26",864,145
"13","'31-2021","2021-08-01",583,1
"13","'32-2020","2020-08-02",835,125
"13","'33-2020","2020-08-09",783,122
"13","'34-2020","2020-08-16",846,122
"13","'35-2020","2020-08-23",657,95
"13","'36-2020","2020-08-30",558,76
"13","'37-2020","2020-09-06",536,75
"13","'38-2020","2020-09-13",563,59
"13","'39-2020","2020-09-20",479,70
"13","'40-2020","2020-09-27",528,84
"13","'41-2020","2020-10-04",618,72
"13","'42-2020","2020-10-11",632,82
"13","'43-2020","2020-10-18",749,94
"13","'44-2020","2020-10-25",742,108
"13","'45-2020","2020-11-01",749,87
"13","'46-2020","2020-11-08",845,141
"13","'47-2020","2020-11-15",937,127
"13","'48-2020","2020-11-22",988,124
"13","'49-2020","2020-11-29",1248,192
"13","'50-2020","2020-12-06",1324,206
"13","'51-2020","2020-12-13",1226,212
"13","'52-2020","2020-12-20",2117,418
"14","'01-2021","2021-01-03",7299,1225
"14","'02-2021","2021-01-10",4417,793
"14","'03-2021","2021-01-17",3772,652
"14","'04-2021","2021-01-24",2300,427
"14","'05-2021","2021-01-31",1856,314
"14","'06-2021","2021-02-07",1453,209
"14","'07-2021","2021-02-14",1352,191
"14","'08-2021","2021-02-21",1142,132
"14","'09-2020","2020-02-23",2,0
"14","'09-2021","2021-02-28",907,132
"14","'10-2020","2020-03-01",7,0
"14","'10-2021","2021-03-07",715,94
"14","'11-2020","2020-03-08",40,1
"14","'11-2021","2021-03-14",717,89
"14","'12-2020","2020-03-15",52,4
"14","'12-2021","2021-03-21",591,76
"14","'13-2020","2020-03-22",32,4
"14","'13-2021","2021-03-28",632,82
"14","'14-2020","2020-03-29",40,7
"14","'14-2021","2021-04-04",631,71
"14","'15-2020","2020-04-05",50,8
"14","'15-2021","2021-04-11",537,54
"14","'16-2020","2020-04-12",83,11
"14","'16-2021","2021-04-18",531,35
"14","'17-2020","2020-04-19",140,21
"14","'17-2021","2021-04-25",416,37
"14","'18-2020","2020-04-26",180,26
"14","'18-2021","2021-05-02",404,33
"14","'19-2020","2020-05-03",241,39
"14","'19-2021","2021-05-09",302,20
"14","'20-2020","2020-05-10",344,51
"14","'20-2021","2021-05-16",331,15
"14","'21-2020","2020-05-17",614,86
"14","'21-2021","2021-05-23",298,14
"14","'22-2020","2020-05-24",1085,148
"14","'22-2021","2021-05-30",324,22
"14","'23-2020","2020-05-31",1439,194
"14","'23-2021","2021-06-06",306,29
"14","'24-2020","2020-06-07",1416,224
"14","'24-2021","2021-06-13",446,28
"14","'25-2020","2020-06-14",1438,223
"14","'25-2021","2021-06-20",733,32
"14","'26-2020","2020-06-21",1313,210
"14","'26-2021","2021-06-27",1525,90
"14","'27-2020","2020-06-28",1599,270
"14","'27-2021","2021-07-04",3290,141
"14","'28-2020","2020-07-05",1613,196
"14","'28-2021","2021-07-11",5453,171
"14","'29-2020","2020-07-12",1795,211
"14","'29-2021","2021-07-18",6729,143
"14","'30-2020","2020-07-19",1571,266
"14","'30-2021","2021-07-25",5502,72
"14","'31-2020","2020-07-26",1465,221
"14","'31-2021","2021-08-01",1356,4
"14","'32-2020","2020-08-02",1480,240
"14","'33-2020","2020-08-09",1488,231
"14","'34-2020","2020-08-16",1480,194
"14","'35-2020","2020-08-23",1520,204
"14","'36-2020","2020-08-30",1662,224
"14","'37-2020","2020-09-06",1483,205
"14","'38-2020","2020-09-13",1645,175
"14","'39-2020","2020-09-20",1639,151
"14","'40-2020","2020-09-27",1607,173
"14","'41-2020","2020-10-04",1719,208
"14","'42-2020","2020-10-11",1854,235
"14","'43-2020","2020-10-18",1679,214
"14","'44-2020","2020-10-25",1720,199
"14","'45-2020","2020-11-01",1593,174
"14","'46-2020","2020-11-08",1880,223
"14","'47-2020","2020-11-15",2054,226
"14","'48-2020","2020-11-22",2244,262
"14","'49-2020","2020-11-29",2316,332
"14","'50-2020","2020-12-06",2313,378
"14","'51-2020","2020-12-13",2478,445
"14","'52-2020","2020-12-20",4513,886
"15","'01-2021","2021-01-03",15621,2287
"15","'02-2021","2021-01-10",10928,1511
"15","'03-2021","2021-01-17",9740,1400
"15","'04-2021","2021-01-24",7243,1048
"15","'05-2021","2021-01-31",5727,826
"15","'06-2021","2021-02-07",5091,621
"15","'07-2021","2021-02-14",4620,539
"15","'08-2020","2020-02-16",2,0
"15","'08-2021","2021-02-21",4416,489
"15","'09-2020","2020-02-23",5,2
"15","'09-2021","2021-02-28",4097,504
"15","'10-2020","2020-03-01",20,5
"15","'10-2021","2021-03-07",3180,332
"15","'11-2020","2020-03-08",85,6
"15","'11-2021","2021-03-14",2965,307
"15","'12-2020","2020-03-15",189,21
"15","'12-2021","2021-03-21",2620,263
"15","'13-2020","2020-03-22",339,49
"15","'13-2021","2021-03-28",2143,247
"15","'14-2020","2020-03-29",543,117
"15","'14-2021","2021-04-04",2414,213
"15","'15-2020","2020-04-05",1013,238
"15","'15-2021","2021-04-11",1804,142
"15","'16-2020","2020-04-12",1787,525
"15","'16-2021","2021-04-18",1553,111
"15","'17-2020","2020-04-19",2354,730
"15","'17-2021","2021-04-25",1253,90
"15","'18-2020","2020-04-26",2924,854
"15","'18-2021","2021-05-02",982,66
"15","'19-2020","2020-05-03",3716,1018
"15","'19-2021","2021-05-09",1010,70
"15","'20-2020","2020-05-10",4244,1030
"15","'20-2021","2021-05-16",908,52
"15","'21-2020","2020-05-17",4845,1101
"15","'21-2021","2021-05-23",861,30
"15","'22-2020","2020-05-24",5138,1057
"15","'22-2021","2021-05-30",998,57
"15","'23-2020","2020-05-31",5756,1088
"15","'23-2021","2021-06-06",1080,41
"15","'24-2020","2020-06-07",4828,850
"15","'24-2021","2021-06-13",1622,67
"15","'25-2020","2020-06-14",4746,780
"15","'25-2021","2021-06-20",2409,83
"15","'26-2020","2020-06-21",4112,709
"15","'26-2021","2021-06-27",4089,149
"15","'27-2020","2020-06-28",4414,685
"15","'27-2021","2021-07-04",6471,242
"15","'28-2020","2020-07-05",3900,615
"15","'28-2021","2021-07-11",9059,283
"15","'29-2020","2020-07-12",4359,603
"15","'29-2021","2021-07-18",11261,271
"15","'30-2020","2020-07-19",4002,558
"15","'30-2021","2021-07-25",9405,123
"15","'31-2020","2020-07-26",4045,489
"15","'31-2021","2021-08-01",3285,18
"15","'32-2020","2020-08-02",3410,443
"15","'33-2020","2020-08-09",3567,426
"15","'34-2020","2020-08-16",3436,373
"15","'35-2020","2020-08-23",3509,372
"15","'36-2020","2020-08-30",3693,412
"15","'37-2020","2020-09-06",3176,378
"15","'38-2020","2020-09-13",3361,339
"15","'39-2020","2020-09-20",2903,324
"15","'40-2020","2020-09-27",2609,358
"15","'41-2020","2020-10-04",2551,344
"15","'42-2020","2020-10-11",2776,389
"15","'43-2020","2020-10-18",2975,398
"15","'44-2020","2020-10-25",3124,421
"15","'45-2020","2020-11-01",3307,483
"15","'46-2020","2020-11-08",3787,561
"15","'47-2020","2020-11-15",4562,653
"15","'48-2020","2020-11-22",5384,733
"15","'49-2020","2020-11-29",8192,1072
"15","'50-2020","2020-12-06",9196,1120
"15","'51-2020","2020-12-13",9189,1359
"15","'52-2020","2020-12-20",13513,2221
"16","'01-2021","2021-01-03",2717,494
"16","'02-2021","2021-01-10",1674,355
"16","'03-2021","2021-01-17",1487,329
"16","'04-2021","2021-01-24",898,211
"16","'05-2021","2021-01-31",734,185
"16","'06-2021","2021-02-07",489,132
"16","'07-2021","2021-02-14",547,117
"16","'08-2021","2021-02-21",461,98
"16","'09-2021","2021-02-28",399,95
"16","'10-2021","2021-03-07",401,90
"16","'11-2020","2020-03-08",9,0
"16","'11-2021","2021-03-14",405,74
"16","'12-2020","2020-03-15",12,2
"16","'12-2021","2021-03-21",441,63
"16","'13-2020","2020-03-22",18,5
"16","'13-2021","2021-03-28",461,56
"16","'14-2020","2020-03-29",30,10
"16","'14-2021","2021-04-04",382,59
"16","'15-2020","2020-04-05",68,18
"16","'15-2021","2021-04-11",364,42
"16","'16-2020","2020-04-12",113,19
"16","'16-2021","2021-04-18",340,43
"16","'17-2020","2020-04-19",185,18
"16","'17-2021","2021-04-25",325,33
"16","'18-2020","2020-04-26",225,38
"16","'18-2021","2021-05-02",265,25
"16","'19-2020","2020-05-03",376,43
"16","'19-2021","2021-05-09",204,17
"16","'20-2020","2020-05-10",496,54
"16","'20-2021","2021-05-16",145,21
"16","'21-2020","2020-05-17",583,54
"16","'21-2021","2021-05-23",134,22
"16","'22-2020","2020-05-24",814,84
"16","'22-2021","2021-05-30",77,11
"16","'23-2020","2020-05-31",1054,111
"16","'23-2021","2021-06-06",79,5
"16","'24-2020","2020-06-07",1092,104
"16","'24-2021","2021-06-13",125,14
"16","'25-2020","2020-06-14",1055,79
"16","'25-2021","2021-06-20",183,18
"16","'26-2020","2020-06-21",772,61
"16","'26-2021","2021-06-27",320,32
"16","'27-2020","2020-06-28",824,82
"16","'27-2021","2021-07-04",748,57
"16","'28-2020","2020-07-05",819,75
"16","'28-2021","2021-07-11",1156,57
"16","'29-2020","2020-07-12",992,81
"16","'29-2021","2021-07-18",1882,60
"16","'30-2020","2020-07-19",1175,111
"16","'30-2021","2021-07-25",2139,28
"16","'31-2020","2020-07-26",1304,138
"16","'31-2021","2021-08-01",809,1
"16","'32-2020","2020-08-02",1187,119
"16","'33-2020","2020-08-09",1395,135
"16","'34-2020","2020-08-16",1434,140
"16","'35-2020","2020-08-23",1379,114
"16","'36-2020","2020-08-30",1469,123
"16","'37-2020","2020-09-06",1160,110
"16","'38-2020","2020-09-13",1148,89
"16","'39-2020","2020-09-20",974,87
"16","'40-2020","2020-09-27",917,88
"16","'41-2020","2020-10-04",950,90
"16","'42-2020","2020-10-11",880,68
"16","'43-2020","2020-10-18",854,70
"16","'44-2020","2020-10-25",753,61
"16","'45-2020","2020-11-01",797,65
"16","'46-2020","2020-11-08",765,71
"16","'47-2020","2020-11-15",851,72
"16","'48-2020","2020-11-22",926,73
"16","'49-2020","2020-11-29",1022,98
"16","'50-2020","2020-12-06",1150,112
"16","'51-2020","2020-12-13",1218,150
"16","'52-2020","2020-12-20",2461,331
"17","'01-2021","2021-01-03",3076,248
"17","'02-2021","2021-01-10",2223,173
"17","'03-2021","2021-01-17",2372,133
"17","'04-2021","2021-01-24",2760,132
"17","'05-2021","2021-01-31",2081,122
"17","'06-2021","2021-02-07",937,100
"17","'07-2021","2021-02-14",1143,82
"17","'08-2021","2021-02-21",1142,103
"17","'09-2021","2021-02-28",1154,109
"17","'10-2020","2020-03-01",1,0
"17","'10-2021","2021-03-07",984,108
"17","'11-2020","2020-03-08",3,1
"17","'11-2021","2021-03-14",713,63
"17","'12-2020","2020-03-15",10,3
"17","'12-2021","2021-03-21",476,59
"17","'13-2020","2020-03-22",18,4
"17","'13-2021","2021-03-28",475,57
"17","'14-2020","2020-03-29",43,8
"17","'14-2021","2021-04-04",588,38
"17","'15-2020","2020-04-05",53,16
"17","'15-2021","2021-04-11",400,41
"17","'16-2020","2020-04-12",146,53
"17","'16-2021","2021-04-18",773,40
"17","'17-2020","2020-04-19",270,97
"17","'17-2021","2021-04-25",503,29
"17","'18-2020","2020-04-26",320,105
"17","'18-2021","2021-05-02",390,11
"17","'19-2020","2020-05-03",369,119
"17","'19-2021","2021-05-09",257,10
"17","'20-2020","2020-05-10",332,82
"17","'20-2021","2021-05-16",142,10
"17","'21-2020","2020-05-17",400,76
"17","'21-2021","2021-05-23",109,7
"17","'22-2020","2020-05-24",375,71
"17","'22-2021","2021-05-30",89,4
"17","'23-2020","2020-05-31",363,74
"17","'23-2021","2021-06-06",76,5
"17","'24-2020","2020-06-07",347,63
"17","'24-2021","2021-06-13",86,2
"17","'25-2020","2020-06-14",287,30
"17","'25-2021","2021-06-20",132,6
"17","'26-2020","2020-06-21",224,36
"17","'26-2021","2021-06-27",148,3
"17","'27-2020","2020-06-28",206,26
"17","'27-2021","2021-07-04",430,9
"17","'28-2020","2020-07-05",291,46
"17","'28-2021","2021-07-11",732,11
"17","'29-2020","2020-07-12",251,37
"17","'29-2021","2021-07-18",826,10
"17","'30-2020","2020-07-19",271,44
"17","'30-2021","2021-07-25",658,9
"17","'31-2020","2020-07-26",297,37
"17","'31-2021","2021-08-01",151,0
"17","'32-2020","2020-08-02",286,46
"17","'33-2020","2020-08-09",263,35
"17","'34-2020","2020-08-16",236,32
"17","'35-2020","2020-08-23",222,42
"17","'36-2020","2020-08-30",210,26
"17","'37-2020","2020-09-06",173,29
"17","'38-2020","2020-09-13",180,29
"17","'39-2020","2020-09-20",171,22
"17","'40-2020","2020-09-27",249,38
"17","'41-2020","2020-10-04",227,28
"17","'42-2020","2020-10-11",226,33
"17","'43-2020","2020-10-18",196,32
"17","'44-2020","2020-10-25",216,23
"17","'45-2020","2020-11-01",252,34
"17","'46-2020","2020-11-08",265,30
"17","'47-2020","2020-11-15",283,39
"17","'48-2020","2020-11-22",371,52
"17","'49-2020","2020-11-29",421,51
"17","'50-2020","2020-12-06",470,58
"17","'51-2020","2020-12-13",646,88
"17","'52-2020","2020-12-20",1709,156
"18","'01-2021","2021-01-03",774,147
"18","'02-2021","2021-01-10",554,101
"18","'03-2021","2021-01-17",547,100
"18","'04-2021","2021-01-24",305,73
"18","'05-2021","2021-01-31",227,51
"18","'06-2021","2021-02-07",156,25
"18","'07-2021","2021-02-14",155,23
"18","'08-2021","2021-02-21",131,20
"18","'09-2021","2021-02-28",135,16
"18","'10-2020","2020-03-01",1,0
"18","'10-2021","2021-03-07",101,9
"18","'11-2020","2020-03-08",3,0
"18","'11-2021","2021-03-14",80,14
"18","'12-2020","2020-03-15",3,0
"18","'12-2021","2021-03-21",55,4
"18","'13-2020","2020-03-22",5,1
"18","'13-2021","2021-03-28",100,10
"18","'14-2020","2020-03-29",17,5
"18","'14-2021","2021-04-04",141,19
"18","'15-2020","2020-04-05",14,2
"18","'15-2021","2021-04-11",102,10
"18","'16-2020","2020-04-12",25,6
"18","'16-2021","2021-04-18",91,5
"18","'17-2020","2020-04-19",49,6
"18","'17-2021","2021-04-25",121,9
"18","'18-2020","2020-04-26",101,13
"18","'18-2021","2021-05-02",97,11
"18","'19-2020","2020-05-03",96,13
"18","'19-2021","2021-05-09",94,4
"18","'20-2020","2020-05-10",115,15
"18","'20-2021","2021-05-16",91,9
"18","'21-2020","2020-05-17",146,25
"18","'21-2021","2021-05-23",84,8
"18","'22-2020","2020-05-24",211,38
"18","'22-2021","2021-05-30",100,6
"18","'23-2020","2020-05-31",220,37
"18","'23-2021","2021-06-06",109,3
"18","'24-2020","2020-06-07",269,38
"18","'24-2021","2021-06-13",136,8
"18","'25-2020","2020-06-14",330,46
"18","'25-2021","2021-06-20",230,9
"18","'26-2020","2020-06-21",340,41
"18","'26-2021","2021-06-27",459,27
"18","'27-2020","2020-06-28",389,53
"18","'27-2021","2021-07-04",908,40
"18","'28-2020","2020-07-05",398,44
"18","'28-2021","2021-07-11",1972,75
"18","'29-2020","2020-07-12",439,53
"18","'29-2021","2021-07-18",2894,68
"18","'30-2020","2020-07-19",405,53
"18","'30-2021","2021-07-25",2428,16
"18","'31-2020","2020-07-26",362,52
"18","'31-2021","2021-08-01",682,1
"18","'32-2020","2020-08-02",401,59
"18","'33-2020","2020-08-09",338,44
"18","'34-2020","2020-08-16",349,57
"18","'35-2020","2020-08-23",258,52
"18","'36-2020","2020-08-30",244,44
"18","'37-2020","2020-09-06",211,24
"18","'38-2020","2020-09-13",241,30
"18","'39-2020","2020-09-20",199,31
"18","'40-2020","2020-09-27",168,26
"18","'41-2020","2020-10-04",183,28
"18","'42-2020","2020-10-11",161,25
"18","'43-2020","2020-10-18",102,14
"18","'44-2020","2020-10-25",126,14
"18","'45-2020","2020-11-01",118,16
"18","'46-2020","2020-11-08",93,14
"18","'47-2020","2020-11-15",118,12
"18","'48-2020","2020-11-22",143,20
"18","'49-2020","2020-11-29",135,20
"18","'50-2020","2020-12-06",149,29
"18","'51-2020","2020-12-13",131,23
"18","'52-2020","2020-12-20",338,80
"19","'01-2021","2021-01-03",8702,744
"19","'02-2021","2021-01-10",5610,454
"19","'03-2021","2021-01-17",5100,365
"19","'04-2021","2021-01-24",3112,256
"19","'05-2021","2021-01-31",2416,197
"19","'06-2021","2021-02-07",1380,129
"19","'07-2021","2021-02-14",1378,123
"19","'08-2021","2021-02-21",1189,85
"19","'09-2021","2021-02-28",1085,67
"19","'10-2020","2020-03-01",9,1
"19","'10-2021","2021-03-07",824,55
"19","'11-2020","2020-03-08",45,1
"19","'11-2021","2021-03-14",596,45
"19","'12-2020","2020-03-15",35,2
"19","'12-2021","2021-03-21",542,27
"19","'13-2020","2020-03-22",16,1
"19","'13-2021","2021-03-28",566,29
"19","'14-2020","2020-03-29",44,5
"19","'14-2021","2021-04-04",586,40
"19","'15-2020","2020-04-05",97,4
"19","'15-2021","2021-04-11",488,47
"19","'16-2020","2020-04-12",61,13
"19","'16-2021","2021-04-18",451,28
"19","'17-2020","2020-04-19",108,17
"19","'17-2021","2021-04-25",451,27
"19","'18-2020","2020-04-26",161,25
"19","'18-2021","2021-05-02",546,27
"19","'19-2020","2020-05-03",278,33
"19","'19-2021","2021-05-09",535,22
"19","'20-2020","2020-05-10",314,30
"19","'20-2021","2021-05-16",637,21
"19","'21-2020","2020-05-17",378,39
"19","'21-2021","2021-05-23",584,13
"19","'22-2020","2020-05-24",481,34
"19","'22-2021","2021-05-30",748,23
"19","'23-2020","2020-05-31",911,75
"19","'23-2021","2021-06-06",691,19
"19","'24-2020","2020-06-07",1602,101
"19","'24-2021","2021-06-13",817,10
"19","'25-2020","2020-06-14",1757,158
"19","'25-2021","2021-06-20",1062,14
"19","'26-2020","2020-06-21",2165,195
"19","'26-2021","2021-06-27",1570,38
"19","'27-2020","2020-06-28",2961,242
"19","'27-2021","2021-07-04",2639,70
"19","'28-2020","2020-07-05",3303,307
"19","'28-2021","2021-07-11",4142,91
"19","'29-2020","2020-07-12",3241,341
"19","'29-2021","2021-07-18",5653,84
"19","'30-2020","2020-07-19",2490,353
"19","'30-2021","2021-07-25",6435,46
"19","'31-2020","2020-07-26",2064,277
"19","'31-2021","2021-08-01",2488,10
"19","'32-2020","2020-08-02",2281,277
"19","'33-2020","2020-08-09",2299,257
"19","'34-2020","2020-08-16",2663,255
"19","'35-2020","2020-08-23",2597,189
"19","'36-2020","2020-08-30",2555,216
"19","'37-2020","2020-09-06",2196,181
"19","'38-2020","2020-09-13",2721,194
"19","'39-2020","2020-09-20",2675,204
"19","'40-2020","2020-09-27",2817,200
"19","'41-2020","2020-10-04",3534,220
"19","'42-2020","2020-10-11",3059,243
"19","'43-2020","2020-10-18",2878,235
"19","'44-2020","2020-10-25",3116,216
"19","'45-2020","2020-11-01",3917,202
"19","'46-2020","2020-11-08",3491,219
"19","'47-2020","2020-11-15",3081,197
"19","'48-2020","2020-11-22",2663,157
"19","'49-2020","2020-11-29",2942,187
"19","'50-2020","2020-12-06",3761,213
"19","'51-2020","2020-12-13",3562,293
"19","'52-2020","2020-12-20",6484,480
"20","'01-2021","2021-01-03",2981,207
"20","'02-2021","2021-01-10",1585,129
"20","'03-2021","2021-01-17",1434,124
"20","'04-2021","2021-01-24",1237,110
"20","'05-2021","2021-01-31",1195,97
"20","'06-2021","2021-02-07",995,96
"20","'07-2021","2021-02-14",1076,104
"20","'08-2021","2021-02-21",1082,83
"20","'09-2021","2021-02-28",868,63
"20","'10-2021","2021-03-07",664,65
"20","'11-2020","2020-03-08",5,1
"20","'11-2021","2021-03-14",730,59
"20","'12-2020","2020-03-15",8,0
"20","'12-2021","2021-03-21",496,46
"20","'13-2020","2020-03-22",18,3
"20","'13-2021","2021-03-28",463,41
"20","'14-2020","2020-03-29",19,3
"20","'14-2021","2021-04-04",412,26
"20","'15-2020","2020-04-05",27,3
"20","'15-2021","2021-04-11",339,22
"20","'16-2020","2020-04-12",50,15
"20","'16-2021","2021-04-18",352,24
"20","'17-2020","2020-04-19",80,19
"20","'17-2021","2021-04-25",270,23
"20","'18-2020","2020-04-26",147,34
"20","'18-2021","2021-05-02",305,13
"20","'19-2020","2020-05-03",299,56
"20","'19-2021","2021-05-09",225,15
"20","'20-2020","2020-05-10",507,65
"20","'20-2021","2021-05-16",209,8
"20","'21-2020","2020-05-17",695,99
"20","'21-2021","2021-05-23",178,8
"20","'22-2020","2020-05-24",804,105
"20","'22-2021","2021-05-30",213,14
"20","'23-2020","2020-05-31",1234,144
"20","'23-2021","2021-06-06",226,15
"20","'24-2020","2020-06-07",1128,132
"20","'24-2021","2021-06-13",365,14
"20","'25-2020","2020-06-14",1151,117
"20","'25-2021","2021-06-20",596,20
"20","'26-2020","2020-06-21",1130,99
"20","'26-2021","2021-06-27",970,31
"20","'27-2020","2020-06-28",1391,141
"20","'27-2021","2021-07-04",1509,32
"20","'28-2020","2020-07-05",1100,94
"20","'28-2021","2021-07-11",1580,54
"20","'29-2020","2020-07-12",1056,97
"20","'29-2021","2021-07-18",2088,41
"20","'30-2020","2020-07-19",983,110
"20","'30-2021","2021-07-25",1961,18
"20","'31-2020","2020-07-26",873,79
"20","'31-2021","2021-08-01",608,2
"20","'32-2020","2020-08-02",730,72
"20","'33-2020","2020-08-09",690,64
"20","'34-2020","2020-08-16",696,49
"20","'35-2020","2020-08-23",597,42
"20","'36-2020","2020-08-30",750,69
"20","'37-2020","2020-09-06",895,63
"20","'38-2020","2020-09-13",840,50
"20","'39-2020","2020-09-20",747,39
"20","'40-2020","2020-09-27",880,52
"20","'41-2020","2020-10-04",843,53
"20","'42-2020","2020-10-11",745,39
"20","'43-2020","2020-10-18",719,57
"20","'44-2020","2020-10-25",552,40
"20","'45-2020","2020-11-01",736,40
"20","'46-2020","2020-11-08",661,49
"20","'47-2020","2020-11-15",644,49
"20","'48-2020","2020-11-22",745,43
"20","'49-2020","2020-11-29",903,53
"20","'50-2020","2020-12-06",958,52
"20","'51-2020","2020-12-13",1359,84
"20","'52-2020","2020-12-20",2142,149
"21","'01-2021","2021-01-03",5747,836
"21","'02-2021","2021-01-10",3688,465
"21","'03-2021","2021-01-17",3259,451
"21","'04-2021","2021-01-24",2430,357
"21","'05-2021","2021-01-31",2243,364
"21","'06-2021","2021-02-07",1757,260
"21","'07-2021","2021-02-14",1832,267
"21","'08-2021","2021-02-21",1743,266
"21","'09-2021","2021-02-28",1564,219
"21","'10-2020","2020-03-01",4,0
"21","'10-2021","2021-03-07",1319,200
"21","'11-2020","2020-03-08",28,1
"21","'11-2021","2021-03-14",1364,195
"21","'12-2020","2020-03-15",62,10
"21","'12-2021","2021-03-21",1079,157
"21","'13-2020","2020-03-22",119,18
"21","'13-2021","2021-03-28",951,158
"21","'14-2020","2020-03-29",135,33
"21","'14-2021","2021-04-04",953,141
"21","'15-2020","2020-04-05",127,42
"21","'15-2021","2021-04-11",782,97
"21","'16-2020","2020-04-12",212,60
"21","'16-2021","2021-04-18",610,88
"21","'17-2020","2020-04-19",298,96
"21","'17-2021","2021-04-25",543,69
"21","'18-2020","2020-04-26",323,105
"21","'18-2021","2021-05-02",345,39
"21","'19-2020","2020-05-03",566,156
"21","'19-2021","2021-05-09",352,40
"21","'20-2020","2020-05-10",830,198
"21","'20-2021","2021-05-16",264,40
"21","'21-2020","2020-05-17",1049,217
"21","'21-2021","2021-05-23",236,30
"21","'22-2020","2020-05-24",1146,234
"21","'22-2021","2021-05-30",232,27
"21","'23-2020","2020-05-31",1633,315
"21","'23-2021","2021-06-06",217,21
"21","'24-2020","2020-06-07",2198,327
"21","'24-2021","2021-06-13",237,23
"21","'25-2020","2020-06-14",2731,332
"21","'25-2021","2021-06-20",281,17
"21","'26-2020","2020-06-21",2202,314
"21","'26-2021","2021-06-27",428,20
"21","'27-2020","2020-06-28",2330,392
"21","'27-2021","2021-07-04",887,45
"21","'28-2020","2020-07-05",2297,402
"21","'28-2021","2021-07-11",1246,44
"21","'29-2020","2020-07-12",2406,378
"21","'29-2021","2021-07-18",1963,46
"21","'30-2020","2020-07-19",2170,331
"21","'30-2021","2021-07-25",2272,24
"21","'31-2020","2020-07-26",1796,279
"21","'31-2021","2021-08-01",775,0
"21","'32-2020","2020-08-02",1477,205
"21","'33-2020","2020-08-09",1363,192
"21","'34-2020","2020-08-16",1311,167
"21","'35-2020","2020-08-23",1114,143
"21","'36-2020","2020-08-30",998,132
"21","'37-2020","2020-09-06",862,109
"21","'38-2020","2020-09-13",908,113
"21","'39-2020","2020-09-20",737,79
"21","'40-2020","2020-09-27",763,86
"21","'41-2020","2020-10-04",869,100
"21","'42-2020","2020-10-11",886,81
"21","'43-2020","2020-10-18",909,96
"21","'44-2020","2020-10-25",914,99
"21","'45-2020","2020-11-01",993,101
"21","'46-2020","2020-11-08",1090,113
"21","'47-2020","2020-11-15",1192,110
"21","'48-2020","2020-11-22",1439,145
"21","'49-2020","2020-11-29",1756,174
"21","'50-2020","2020-12-06",1913,217
"21","'51-2020","2020-12-13",2319,280
"21","'52-2020","2020-12-20",4117,596
"22","'01-2021","2021-01-03",5536,335
"22","'02-2021","2021-01-10",3821,247
"22","'03-2021","2021-01-17",3314,190
"22","'04-2021","2021-01-24",2268,160
"22","'05-2021","2021-01-31",1941,119
"22","'06-2021","2021-02-07",1814,118
"22","'07-2021","2021-02-14",1887,108
"22","'08-2021","2021-02-21",1975,112
"22","'09-2021","2021-02-28",1846,123
"22","'10-2020","2020-03-01",2,0
"22","'10-2021","2021-03-07",1375,72
"22","'11-2020","2020-03-08",10,0
"22","'11-2021","2021-03-14",1215,64
"22","'12-2020","2020-03-15",15,2
"22","'12-2021","2021-03-21",905,43
"22","'13-2020","2020-03-22",15,2
"22","'13-2021","2021-03-28",966,49
"22","'14-2020","2020-03-29",19,2
"22","'14-2021","2021-04-04",815,31
"22","'15-2020","2020-04-05",31,1
"22","'15-2021","2021-04-11",732,28
"22","'16-2020","2020-04-12",36,9
"22","'16-2021","2021-04-18",617,31
"22","'17-2020","2020-04-19",44,5
"22","'17-2021","2021-04-25",441,17
"22","'18-2020","2020-04-26",64,14
"22","'18-2021","2021-05-02",294,12
"22","'19-2020","2020-05-03",199,30
"22","'19-2021","2021-05-09",220,10
"22","'20-2020","2020-05-10",256,44
"22","'20-2021","2021-05-16",193,4
"22","'21-2020","2020-05-17",261,37
"22","'21-2021","2021-05-23",151,3
"22","'22-2020","2020-05-24",257,48
"22","'22-2021","2021-05-30",124,5
"22","'23-2020","2020-05-31",282,45
"22","'23-2021","2021-06-06",97,2
"22","'24-2020","2020-06-07",298,52
"22","'24-2021","2021-06-13",133,2
"22","'25-2020","2020-06-14",279,36
"22","'25-2021","2021-06-20",219,4
"22","'26-2020","2020-06-21",281,37
"22","'26-2021","2021-06-27",548,12
"22","'27-2020","2020-06-28",373,56
"22","'27-2021","2021-07-04",797,15
"22","'28-2020","2020-07-05",434,39
"22","'28-2021","2021-07-11",1299,25
"22","'29-2020","2020-07-12",460,58
"22","'29-2021","2021-07-18",1687,26
"22","'30-2020","2020-07-19",465,55
"22","'30-2021","2021-07-25",1907,16
"22","'31-2020","2020-07-26",548,68
"22","'31-2021","2021-08-01",572,0
"22","'32-2020","2020-08-02",575,61
"22","'33-2020","2020-08-09",617,66
"22","'34-2020","2020-08-16",673,67
"22","'35-2020","2020-08-23",805,83
"22","'36-2020","2020-08-30",631,60
"22","'37-2020","2020-09-06",462,49
"22","'38-2020","2020-09-13",618,44
"22","'39-2020","2020-09-20",577,45
"22","'40-2020","2020-09-27",761,54
"22","'41-2020","2020-10-04",1091,58
"22","'42-2020","2020-10-11",1292,53
"22","'43-2020","2020-10-18",1435,64
"22","'44-2020","2020-10-25",1609,74
"22","'45-2020","2020-11-01",1848,82
"22","'46-2020","2020-11-08",2037,114
"22","'47-2020","2020-11-15",2534,138
"22","'48-2020","2020-11-22",2435,127
"22","'49-2020","2020-11-29",2613,166
"22","'50-2020","2020-12-06",2541,157
"22","'51-2020","2020-12-13",2194,146
"22","'52-2020","2020-12-20",4070,294
"23","'01-2021","2021-01-03",1060,88
"23","'02-2021","2021-01-10",571,36
"23","'03-2021","2021-01-17",742,42
"23","'04-2021","2021-01-24",490,45
"23","'05-2021","2021-01-31",323,26
"23","'06-2021","2021-02-07",299,23
"23","'07-2021","2021-02-14",280,20
"23","'08-2021","2021-02-21",230,9
"23","'09-2020","2020-02-23",1,0
"23","'09-2021","2021-02-28",224,13
"23","'10-2020","2020-03-01",1,0
"23","'10-2021","2021-03-07",246,24
"23","'11-2020","2020-03-08",20,2
"23","'11-2021","2021-03-14",323,29
"23","'12-2020","2020-03-15",39,5
"23","'12-2021","2021-03-21",250,17
"23","'13-2020","2020-03-22",97,20
"23","'13-2021","2021-03-28",346,29
"23","'14-2020","2020-03-29",137,35
"23","'14-2021","2021-04-04",444,26
"23","'15-2020","2020-04-05",190,47
"23","'15-2021","2021-04-11",504,29
"23","'16-2020","2020-04-12",244,82
"23","'16-2021","2021-04-18",617,40
"23","'17-2020","2020-04-19",255,67
"23","'17-2021","2021-04-25",694,35
"23","'18-2020","2020-04-26",271,58
"23","'18-2021","2021-05-02",856,56
"23","'19-2020","2020-05-03",225,49
"23","'19-2021","2021-05-09",959,45
"23","'20-2020","2020-05-10",207,42
"23","'20-2021","2021-05-16",1046,45
"23","'21-2020","2020-05-17",283,62
"23","'21-2021","2021-05-23",1168,53
"23","'22-2020","2020-05-24",286,62
"23","'22-2021","2021-05-30",1196,58
"23","'23-2020","2020-05-31",308,55
"23","'23-2021","2021-06-06",1152,51
"23","'24-2020","2020-06-07",412,64
"23","'24-2021","2021-06-13",1643,56
"23","'25-2020","2020-06-14",590,64
"23","'25-2021","2021-06-20",1735,45
"23","'26-2020","2020-06-21",834,100
"23","'26-2021","2021-06-27",1841,59
"23","'27-2020","2020-06-28",907,129
"23","'27-2021","2021-07-04",2181,73
"23","'28-2020","2020-07-05",1040,148
"23","'28-2021","2021-07-11",2631,71
"23","'29-2020","2020-07-12",948,142
"23","'29-2021","2021-07-18",2817,47
"23","'30-2020","2020-07-19",880,108
"23","'30-2021","2021-07-25",2812,16
"23","'31-2020","2020-07-26",759,112
"23","'31-2021","2021-08-01",656,2
"23","'32-2020","2020-08-02",619,87
"23","'33-2020","2020-08-09",476,70
"23","'34-2020","2020-08-16",530,61
"23","'35-2020","2020-08-23",440,50
"23","'36-2020","2020-08-30",373,43
"23","'37-2020","2020-09-06",268,33
"23","'38-2020","2020-09-13",389,37
"23","'39-2020","2020-09-20",369,37
"23","'40-2020","2020-09-27",337,32
"23","'41-2020","2020-10-04",282,19
"23","'42-2020","2020-10-11",265,20
"23","'43-2020","2020-10-18",217,10
"23","'44-2020","2020-10-25",219,13
"23","'45-2020","2020-11-01",194,23
"23","'46-2020","2020-11-08",161,19
"23","'47-2020","2020-11-15",274,20
"23","'48-2020","2020-11-22",295,16
"23","'49-2020","2020-11-29",308,23
"23","'50-2020","2020-12-06",372,23
"23","'51-2020","2020-12-13",383,38
"23","'52-2020","2020-12-20",663,76
"24","'01-2021","2021-01-03",3766,360
"24","'02-2021","2021-01-10",2877,251
"24","'03-2021","2021-01-17",2917,226
"24","'04-2021","2021-01-24",1767,159
"24","'05-2021","2021-01-31",1427,112
"24","'06-2021","2021-02-07",1036,95
"24","'07-2021","2021-02-14",900,100
"24","'08-2021","2021-02-21",851,55
"24","'09-2021","2021-02-28",777,55
"24","'10-2021","2021-03-07",670,57
"24","'11-2020","2020-03-08",9,1
"24","'11-2021","2021-03-14",530,38
"24","'12-2020","2020-03-15",15,2
"24","'12-2021","2021-03-21",508,24
"24","'13-2020","2020-03-22",20,0
"24","'13-2021","2021-03-28",534,33
"24","'14-2020","2020-03-29",19,2
"24","'14-2021","2021-04-04",582,23
"24","'15-2020","2020-04-05",11,1
"24","'15-2021","2021-04-11",483,17
"24","'16-2020","2020-04-12",22,2
"24","'16-2021","2021-04-18",444,18
"24","'17-2020","2020-04-19",57,7
"24","'17-2021","2021-04-25",338,16
"24","'18-2020","2020-04-26",120,13
"24","'18-2021","2021-05-02",343,9
"24","'19-2020","2020-05-03",191,15
"24","'19-2021","2021-05-09",294,8
"24","'20-2020","2020-05-10",182,15
"24","'20-2021","2021-05-16",246,7
"24","'21-2020","2020-05-17",298,29
"24","'21-2021","2021-05-23",280,9
"24","'22-2020","2020-05-24",302,33
"24","'22-2021","2021-05-30",246,3
"24","'23-2020","2020-05-31",521,40
"24","'23-2021","2021-06-06",234,7
"24","'24-2020","2020-06-07",552,38
"24","'24-2021","2021-06-13",296,7
"24","'25-2020","2020-06-14",695,46
"24","'25-2021","2021-06-20",320,5
"24","'26-2020","2020-06-21",859,63
"24","'26-2021","2021-06-27",402,11
"24","'27-2020","2020-06-28",1243,119
"24","'27-2021","2021-07-04",677,18
"24","'28-2020","2020-07-05",1975,145
"24","'28-2021","2021-07-11",1362,22
"24","'29-2020","2020-07-12",2573,193
"24","'29-2021","2021-07-18",2583,29
"24","'30-2020","2020-07-19",2332,212
"24","'30-2021","2021-07-25",3123,9
"24","'31-2020","2020-07-26",2100,213
"24","'31-2021","2021-08-01",1105,1
"24","'32-2020","2020-08-02",1672,175
"24","'33-2020","2020-08-09",1682,183
"24","'34-2020","2020-08-16",1599,143
"24","'35-2020","2020-08-23",1359,95
"24","'36-2020","2020-08-30",1202,106
"24","'37-2020","2020-09-06",1101,84
"24","'38-2020","2020-09-13",1051,94
"24","'39-2020","2020-09-20",896,63
"24","'40-2020","2020-09-27",1228,101
"24","'41-2020","2020-10-04",1437,124
"24","'42-2020","2020-10-11",1398,104
"24","'43-2020","2020-10-18",1438,114
"24","'44-2020","2020-10-25",1185,98
"24","'45-2020","2020-11-01",1359,116
"24","'46-2020","2020-11-08",1606,137
"24","'47-2020","2020-11-15",1459,135
"24","'48-2020","2020-11-22",1316,116
"24","'49-2020","2020-11-29",1239,113
"24","'50-2020","2020-12-06",1229,110
"24","'51-2020","2020-12-13",1348,132
"24","'52-2020","2020-12-20",2169,246
"25","'01-2021","2021-01-03",1702,254
"25","'02-2021","2021-01-10",1055,148
"25","'03-2021","2021-01-17",1039,134
"25","'04-2021","2021-01-24",702,106
"25","'05-2021","2021-01-31",685,105
"25","'06-2021","2021-02-07",624,90
"25","'07-2021","2021-02-14",530,81
"25","'08-2021","2021-02-21",448,57
"25","'09-2020","2020-02-23",1,1
"25","'09-2021","2021-02-28",476,63
"25","'10-2021","2021-03-07",449,71
"25","'11-2020","2020-03-08",6,2
"25","'11-2021","2021-03-14",480,58
"25","'12-2020","2020-03-15",36,9
"25","'12-2021","2021-03-21",388,46
"25","'13-2020","2020-03-22",92,31
"25","'13-2021","2021-03-28",403,57
"25","'14-2020","2020-03-29",169,50
"25","'14-2021","2021-04-04",409,33
"25","'15-2020","2020-04-05",284,59
"25","'15-2021","2021-04-11",297,33
"25","'16-2020","2020-04-12",328,74
"25","'16-2021","2021-04-18",326,34
"25","'17-2020","2020-04-19",417,91
"25","'17-2021","2021-04-25",246,23
"25","'18-2020","2020-04-26",463,106
"25","'18-2021","2021-05-02",232,23
"25","'19-2020","2020-05-03",550,163
"25","'19-2021","2021-05-09",296,25
"25","'20-2020","2020-05-10",803,163
"25","'20-2021","2021-05-16",368,22
"25","'21-2020","2020-05-17",1068,218
"25","'21-2021","2021-05-23",399,24
"25","'22-2020","2020-05-24",1171,217
"25","'22-2021","2021-05-30",525,44
"25","'23-2020","2020-05-31",1453,256
"25","'23-2021","2021-06-06",711,43
"25","'24-2020","2020-06-07",1287,239
"25","'24-2021","2021-06-13",1158,69
"25","'25-2020","2020-06-14",1284,275
"25","'25-2021","2021-06-20",1446,73
"25","'26-2020","2020-06-21",1017,219
"25","'26-2021","2021-06-27",2528,109
"25","'27-2020","2020-06-28",1182,266
"25","'27-2021","2021-07-04",4315,159
"25","'28-2020","2020-07-05",968,200
"25","'28-2021","2021-07-11",4252,161
"25","'29-2020","2020-07-12",863,210
"25","'29-2021","2021-07-18",3738,110
"25","'30-2020","2020-07-19",904,156
"25","'30-2021","2021-07-25",2127,15
"25","'31-2020","2020-07-26",805,173
"25","'31-2021","2021-08-01",351,0
"25","'32-2020","2020-08-02",683,115
"25","'33-2020","2020-08-09",765,118
"25","'34-2020","2020-08-16",730,116
"25","'35-2020","2020-08-23",724,124
"25","'36-2020","2020-08-30",677,89
"25","'37-2020","2020-09-06",566,73
"25","'38-2020","2020-09-13",629,75
"25","'39-2020","2020-09-20",584,66
"25","'40-2020","2020-09-27",604,72
"25","'41-2020","2020-10-04",675,96
"25","'42-2020","2020-10-11",656,66
"25","'43-2020","2020-10-18",645,79
"25","'44-2020","2020-10-25",530,52
"25","'45-2020","2020-11-01",528,60
"25","'46-2020","2020-11-08",546,84
"25","'47-2020","2020-11-15",498,62
"25","'48-2020","2020-11-22",450,48
"25","'49-2020","2020-11-29",516,64
"25","'50-2020","2020-12-06",534,64
"25","'51-2020","2020-12-13",526,81
"25","'52-2020","2020-12-20",929,169
"26","'01-2021","2021-01-03",3432,325
"26","'02-2021","2021-01-10",1965,163
"26","'03-2021","2021-01-17",1523,130
"26","'04-2021","2021-01-24",1080,77
"26","'05-2021","2021-01-31",951,71
"26","'06-2021","2021-02-07",690,43
"26","'07-2021","2021-02-14",598,28
"26","'08-2021","2021-02-21",559,27
"26","'09-2021","2021-02-28",718,32
"26","'10-2021","2021-03-07",659,27
"26","'11-2020","2020-03-08",7,0
"26","'11-2021","2021-03-14",687,28
"26","'12-2020","2020-03-15",17,2
"26","'12-2021","2021-03-21",607,39
"26","'13-2020","2020-03-22",22,5
"26","'13-2021","2021-03-28",605,33
"26","'14-2020","2020-03-29",49,11
"26","'14-2021","2021-04-04",696,27
"26","'15-2020","2020-04-05",99,12
"26","'15-2021","2021-04-11",510,22
"26","'16-2020","2020-04-12",96,18
"26","'16-2021","2021-04-18",527,19
"26","'17-2020","2020-04-19",157,16
"26","'17-2021","2021-04-25",443,7
"26","'18-2020","2020-04-26",333,28
"26","'18-2021","2021-05-02",379,9
"26","'19-2020","2020-05-03",538,73
"26","'19-2021","2021-05-09",481,27
"26","'20-2020","2020-05-10",947,121
"26","'20-2021","2021-05-16",503,19
"26","'21-2020","2020-05-17",1344,195
"26","'21-2021","2021-05-23",550,16
"26","'22-2020","2020-05-24",1589,235
"26","'22-2021","2021-05-30",829,25
"26","'23-2020","2020-05-31",1773,344
"26","'23-2021","2021-06-06",1025,31
"26","'24-2020","2020-06-07",1847,343
"26","'24-2021","2021-06-13",1314,40
"26","'25-2020","2020-06-14",2188,365
"26","'25-2021","2021-06-20",1443,36
"26","'26-2020","2020-06-21",2759,396
"26","'26-2021","2021-06-27",1401,30
"26","'27-2020","2020-06-28",3319,381
"26","'27-2021","2021-07-04",1934,60
"26","'28-2020","2020-07-05",2434,288
"26","'28-2021","2021-07-11",2221,67
"26","'29-2020","2020-07-12",2296,185
"26","'29-2021","2021-07-18",2650,56
"26","'30-2020","2020-07-19",2330,160
"26","'30-2021","2021-07-25",2362,17
"26","'31-2020","2020-07-26",2030,122
"26","'31-2021","2021-08-01",556,0
"26","'32-2020","2020-08-02",1670,92
"26","'33-2020","2020-08-09",1635,69
"26","'34-2020","2020-08-16",1357,55
"26","'35-2020","2020-08-23",1137,41
"26","'36-2020","2020-08-30",1029,30
"26","'37-2020","2020-09-06",908,40
"26","'38-2020","2020-09-13",1049,41
"26","'39-2020","2020-09-20",996,47
"26","'40-2020","2020-09-27",993,49
"26","'41-2020","2020-10-04",848,50
"26","'42-2020","2020-10-11",1042,39
"26","'43-2020","2020-10-18",988,67
"26","'44-2020","2020-10-25",922,84
"26","'45-2020","2020-11-01",1195,103
"26","'46-2020","2020-11-08",1243,125
"26","'47-2020","2020-11-15",1960,158
"26","'48-2020","2020-11-22",1924,160
"26","'49-2020","2020-11-29",2388,201
"26","'50-2020","2020-12-06",2439,222
"26","'51-2020","2020-12-13",2437,258
"26","'52-2020","2020-12-20",3468,366
"27","'01-2021","2021-01-03",3037,110
"27","'02-2021","2021-01-10",1999,66
"27","'03-2021","2021-01-17",1823,56
"27","'04-2021","2021-01-24",1333,41
"27","'05-2021","2021-01-31",1186,46
"27","'06-2021","2021-02-07",1011,31
"27","'07-2021","2021-02-14",924,32
"27","'08-2021","2021-02-21",904,21
"27","'09-2021","2021-02-28",920,40
"27","'10-2020","2020-03-01",1,1
"27","'10-2021","2021-03-07",744,21
"27","'11-2020","2020-03-08",10,0
"27","'11-2021","2021-03-14",833,37
"27","'12-2020","2020-03-15",33,4
"27","'12-2021","2021-03-21",653,17
"27","'13-2020","2020-03-22",67,12
"27","'13-2021","2021-03-28",773,28
"27","'14-2020","2020-03-29",110,19
"27","'14-2021","2021-04-04",791,25
"27","'15-2020","2020-04-05",253,51
"27","'15-2021","2021-04-11",853,17
"27","'16-2020","2020-04-12",411,80
"27","'16-2021","2021-04-18",927,21
"27","'17-2020","2020-04-19",425,106
"27","'17-2021","2021-04-25",884,20
"27","'18-2020","2020-04-26",514,126
"27","'18-2021","2021-05-02",870,24
"27","'19-2020","2020-05-03",794,148
"27","'19-2021","2021-05-09",995,16
"27","'20-2020","2020-05-10",843,134
"27","'20-2021","2021-05-16",1071,25
"27","'21-2020","2020-05-17",1084,162
"27","'21-2021","2021-05-23",1310,24
"27","'22-2020","2020-05-24",1156,119
"27","'22-2021","2021-05-30",1727,24
"27","'23-2020","2020-05-31",1654,137
"27","'23-2021","2021-06-06",1929,27
"27","'24-2020","2020-06-07",1757,157
"27","'24-2021","2021-06-13",2279,33
"27","'25-2020","2020-06-14",2114,200
"27","'25-2021","2021-06-20",2245,22
"27","'26-2020","2020-06-21",2130,212
"27","'26-2021","2021-06-27",2138,30
"27","'27-2020","2020-06-28",2452,305
"27","'27-2021","2021-07-04",2089,36
"27","'28-2020","2020-07-05",2577,253
"27","'28-2021","2021-07-11",2314,29
"27","'29-2020","2020-07-12",2524,217
"27","'29-2021","2021-07-18",3381,32
"27","'30-2020","2020-07-19",2299,182
"27","'30-2021","2021-07-25",3500,12
"27","'31-2020","2020-07-26",1850,105
"27","'31-2021","2021-08-01",775,0
"27","'32-2020","2020-08-02",1192,76
"27","'33-2020","2020-08-09",1174,63
"27","'34-2020","2020-08-16",1068,54
"27","'35-2020","2020-08-23",963,41
"27","'36-2020","2020-08-30",821,37
"27","'37-2020","2020-09-06",768,37
"27","'38-2020","2020-09-13",807,33
"27","'39-2020","2020-09-20",550,17
"27","'40-2020","2020-09-27",514,17
"27","'41-2020","2020-10-04",571,27
"27","'42-2020","2020-10-11",448,17
"27","'43-2020","2020-10-18",503,11
"27","'44-2020","2020-10-25",497,17
"27","'45-2020","2020-11-01",569,13
"27","'46-2020","2020-11-08",708,12
"27","'47-2020","2020-11-15",855,21
"27","'48-2020","2020-11-22",942,29
"27","'49-2020","2020-11-29",1451,53
"27","'50-2020","2020-12-06",1832,56
"27","'51-2020","2020-12-13",1686,50
"27","'52-2020","2020-12-20",2554,116
"28","'01-2021","2021-01-03",3022,252
"28","'02-2021","2021-01-10",2012,171
"28","'03-2021","2021-01-17",1787,132
"28","'04-2021","2021-01-24",1090,87
"28","'05-2021","2021-01-31",862,62
"28","'06-2021","2021-02-07",487,52
"28","'07-2021","2021-02-14",517,46
"28","'08-2021","2021-02-21",538,33
"28","'09-2021","2021-02-28",496,39
"28","'10-2021","2021-03-07",400,41
"28","'11-2020","2020-03-08",3,0
"28","'11-2021","2021-03-14",343,20
"28","'12-2020","2020-03-15",10,1
"28","'12-2021","2021-03-21",348,26
"28","'13-2020","2020-03-22",18,3
"28","'13-2021","2021-03-28",394,31
"28","'14-2020","2020-03-29",51,4
"28","'14-2021","2021-04-04",400,31
"28","'15-2020","2020-04-05",77,4
"28","'15-2021","2021-04-11",472,30
"28","'16-2020","2020-04-12",173,13
"28","'16-2021","2021-04-18",495,23
"28","'17-2020","2020-04-19",235,22
"28","'17-2021","2021-04-25",622,17
"28","'18-2020","2020-04-26",249,20
"28","'18-2021","2021-05-02",702,44
"28","'19-2020","2020-05-03",254,32
"28","'19-2021","2021-05-09",762,45
"28","'20-2020","2020-05-10",388,31
"28","'20-2021","2021-05-16",859,43
"28","'21-2020","2020-05-17",527,44
"28","'21-2021","2021-05-23",912,41
"28","'22-2020","2020-05-24",613,47
"28","'22-2021","2021-05-30",1232,54
"28","'23-2020","2020-05-31",842,83
"28","'23-2021","2021-06-06",1448,57
"28","'24-2020","2020-06-07",1401,142
"28","'24-2021","2021-06-13",1809,66
"28","'25-2020","2020-06-14",2173,207
"28","'25-2021","2021-06-20",1606,44
"28","'26-2020","2020-06-21",2374,263
"28","'26-2021","2021-06-27",1627,47
"28","'27-2020","2020-06-28",2793,279
"28","'27-2021","2021-07-04",1614,33
"28","'28-2020","2020-07-05",2710,258
"28","'28-2021","2021-07-11",1471,33
"28","'29-2020","2020-07-12",2506,284
"28","'29-2021","2021-07-18",1713,26
"28","'30-2020","2020-07-19",1935,241
"28","'30-2021","2021-07-25",1941,17
"28","'31-2020","2020-07-26",1696,175
"28","'31-2021","2021-08-01",657,0
"28","'32-2020","2020-08-02",1523,150
"28","'33-2020","2020-08-09",1444,143
"28","'34-2020","2020-08-16",1118,102
"28","'35-2020","2020-08-23",1229,105
"28","'36-2020","2020-08-30",1136,85
"28","'37-2020","2020-09-06",883,60
"28","'38-2020","2020-09-13",921,58
"28","'39-2020","2020-09-20",752,48
"28","'40-2020","2020-09-27",726,62
"28","'41-2020","2020-10-04",698,63
"28","'42-2020","2020-10-11",816,66
"28","'43-2020","2020-10-18",857,60
"28","'44-2020","2020-10-25",705,50
"28","'45-2020","2020-11-01",816,53
"28","'46-2020","2020-11-08",886,58
"28","'47-2020","2020-11-15",987,84
"28","'48-2020","2020-11-22",868,68
"28","'49-2020","2020-11-29",895,67
"28","'50-2020","2020-12-06",1207,86
"28","'51-2020","2020-12-13",1348,122
"28","'52-2020","2020-12-20",2158,186
"29","'01-2021","2021-01-03",1475,214
"29","'02-2021","2021-01-10",866,118
"29","'03-2021","2021-01-17",792,101
"29","'04-2021","2021-01-24",648,89
"29","'05-2021","2021-01-31",595,67
"29","'06-2021","2021-02-07",383,48
"29","'07-2021","2021-02-14",305,40
"29","'08-2021","2021-02-21",277,33
"29","'09-2021","2021-02-28",294,38
"29","'10-2020","2020-03-01",2,0
"29","'10-2021","2021-03-07",320,21
"29","'11-2020","2020-03-08",2,0
"29","'11-2021","2021-03-14",394,18
"29","'12-2020","2020-03-15",3,0
"29","'12-2021","2021-03-21",214,17
"29","'13-2020","2020-03-22",18,2
"29","'13-2021","2021-03-28",229,19
"29","'14-2020","2020-03-29",32,6
"29","'14-2021","2021-04-04",212,18
"29","'15-2020","2020-04-05",40,7
"29","'15-2021","2021-04-11",162,15
"29","'16-2020","2020-04-12",66,21
"29","'16-2021","2021-04-18",129,10
"29","'17-2020","2020-04-19",107,23
"29","'17-2021","2021-04-25",113,3
"29","'18-2020","2020-04-26",123,27
"29","'18-2021","2021-05-02",60,2
"29","'19-2020","2020-05-03",219,56
"29","'19-2021","2021-05-09",95,4
"29","'20-2020","2020-05-10",238,31
"29","'20-2021","2021-05-16",89,3
"29","'21-2020","2020-05-17",305,60
"29","'21-2021","2021-05-23",59,2
"29","'22-2020","2020-05-24",309,63
"29","'22-2021","2021-05-30",37,1
"29","'23-2020","2020-05-31",383,81
"29","'23-2021","2021-06-06",26,0
"29","'24-2020","2020-06-07",346,62
"29","'24-2021","2021-06-13",34,0
"29","'25-2020","2020-06-14",439,72
"29","'25-2021","2021-06-20",42,1
"29","'26-2020","2020-06-21",507,80
"29","'26-2021","2021-06-27",63,4
"29","'27-2020","2020-06-28",512,108
"29","'27-2021","2021-07-04",190,2
"29","'28-2020","2020-07-05",592,118
"29","'28-2021","2021-07-11",258,5
"29","'29-2020","2020-07-12",506,85
"29","'29-2021","2021-07-18",470,3
"29","'30-2020","2020-07-19",531,77
"29","'30-2021","2021-07-25",606,3
"29","'31-2020","2020-07-26",444,62
"29","'31-2021","2021-08-01",229,0
"29","'32-2020","2020-08-02",370,36
"29","'33-2020","2020-08-09",361,37
"29","'34-2020","2020-08-16",365,29
"29","'35-2020","2020-08-23",260,32
"29","'36-2020","2020-08-30",262,25
"29","'37-2020","2020-09-06",213,18
"29","'38-2020","2020-09-13",200,9
"29","'39-2020","2020-09-20",159,13
"29","'40-2020","2020-09-27",150,21
"29","'41-2020","2020-10-04",155,18
"29","'42-2020","2020-10-11",193,24
"29","'43-2020","2020-10-18",174,10
"29","'44-2020","2020-10-25",197,10
"29","'45-2020","2020-11-01",227,6
"29","'46-2020","2020-11-08",291,13
"29","'47-2020","2020-11-15",236,23
"29","'48-2020","2020-11-22",249,23
"29","'49-2020","2020-11-29",323,39
"29","'50-2020","2020-12-06",506,45
"29","'51-2020","2020-12-13",601,87
"29","'52-2020","2020-12-20",1137,164
"30","'01-2021","2021-01-03",2769,423
"30","'02-2021","2021-01-10",1981,327
"30","'03-2021","2021-01-17",1820,321
"30","'04-2021","2021-01-24",1174,262
"30","'05-2021","2021-01-31",1016,185
"30","'06-2021","2021-02-07",775,142
"30","'07-2021","2021-02-14",746,134
"30","'08-2021","2021-02-21",674,109
"30","'09-2021","2021-02-28",612,108
"30","'10-2020","2020-03-01",1,0
"30","'10-2021","2021-03-07",531,78
"30","'11-2020","2020-03-08",11,0
"30","'11-2021","2021-03-14",528,89
"30","'12-2020","2020-03-15",23,1
"30","'12-2021","2021-03-21",417,55
"30","'13-2020","2020-03-22",33,3
"30","'13-2021","2021-03-28",373,71
"30","'14-2020","2020-03-29",57,9
"30","'14-2021","2021-04-04",425,50
"30","'15-2020","2020-04-05",137,28
"30","'15-2021","2021-04-11",400,36
"30","'16-2020","2020-04-12",235,57
"30","'16-2021","2021-04-18",373,42
"30","'17-2020","2020-04-19",424,107
"30","'17-2021","2021-04-25",321,37
"30","'18-2020","2020-04-26",697,179
"30","'18-2021","2021-05-02",325,28
"30","'19-2020","2020-05-03",874,253
"30","'19-2021","2021-05-09",388,27
"30","'20-2020","2020-05-10",1067,273
"30","'20-2021","2021-05-16",497,32
"30","'21-2020","2020-05-17",1249,266
"30","'21-2021","2021-05-23",548,35
"30","'22-2020","2020-05-24",1244,287
"30","'22-2021","2021-05-30",701,38
"30","'23-2020","2020-05-31",1366,286
"30","'23-2021","2021-06-06",724,31
"30","'24-2020","2020-06-07",1636,304
"30","'24-2021","2021-06-13",1079,48
"30","'25-2020","2020-06-14",1978,343
"30","'25-2021","2021-06-20",1598,77
"30","'26-2020","2020-06-21",2124,332
"30","'26-2021","2021-06-27",2331,94
"30","'27-2020","2020-06-28",2588,448
"30","'27-2021","2021-07-04",3139,109
"30","'28-2020","2020-07-05",2723,487
"30","'28-2021","2021-07-11",3833,133
"30","'29-2020","2020-07-12",2692,386
"30","'29-2021","2021-07-18",4783,121
"30","'30-2020","2020-07-19",2331,406
"30","'30-2021","2021-07-25",4166,40
"30","'31-2020","2020-07-26",1972,326
"30","'31-2021","2021-08-01",1039,4
"30","'32-2020","2020-08-02",1464,216
"30","'33-2020","2020-08-09",1447,216
"30","'34-2020","2020-08-16",1312,231
"30","'35-2020","2020-08-23",1302,191
"30","'36-2020","2020-08-30",1215,186
"30","'37-2020","2020-09-06",970,154
"30","'38-2020","2020-09-13",1158,146
"30","'39-2020","2020-09-20",856,97
"30","'40-2020","2020-09-27",857,101
"30","'41-2020","2020-10-04",828,105
"30","'42-2020","2020-10-11",716,82
"30","'43-2020","2020-10-18",666,75
"30","'44-2020","2020-10-25",612,69
"30","'45-2020","2020-11-01",635,76
"30","'46-2020","2020-11-08",585,86
"30","'47-2020","2020-11-15",615,92
"30","'48-2020","2020-11-22",689,70
"30","'49-2020","2020-11-29",675,108
"30","'50-2020","2020-12-06",815,111
"30","'51-2020","2020-12-13",912,140
"30","'52-2020","2020-12-20",1813,343
"31","'01-2021","2021-01-03",1168,77
"31","'02-2021","2021-01-10",751,73
"31","'03-2021","2021-01-17",843,64
"31","'04-2021","2021-01-24",667,56
"31","'05-2021","2021-01-31",640,81
"31","'06-2021","2021-02-07",602,76
"31","'07-2021","2021-02-14",683,72
"31","'08-2021","2021-02-21",722,74
"31","'09-2021","2021-02-28",644,73
"31","'10-2020","2020-03-01",4,1
"31","'10-2021","2021-03-07",527,52
"31","'11-2020","2020-03-08",17,0
"31","'11-2021","2021-03-14",526,62
"31","'12-2020","2020-03-15",38,4
"31","'12-2021","2021-03-21",438,46
"31","'13-2020","2020-03-22",33,4
"31","'13-2021","2021-03-28",475,44
"31","'14-2020","2020-03-29",51,6
"31","'14-2021","2021-04-04",443,44
"31","'15-2020","2020-04-05",95,14
"31","'15-2021","2021-04-11",454,40
"31","'16-2020","2020-04-12",141,22
"31","'16-2021","2021-04-18",472,33
"31","'17-2020","2020-04-19",240,21
"31","'17-2021","2021-04-25",472,37
"31","'18-2020","2020-04-26",258,34
"31","'18-2021","2021-05-02",460,23
"31","'19-2020","2020-05-03",300,51
"31","'19-2021","2021-05-09",613,29
"31","'20-2020","2020-05-10",350,48
"31","'20-2021","2021-05-16",794,38
"31","'21-2020","2020-05-17",383,69
"31","'21-2021","2021-05-23",1155,56
"31","'22-2020","2020-05-24",302,42
"31","'22-2021","2021-05-30",1579,81
"31","'23-2020","2020-05-31",374,63
"31","'23-2021","2021-06-06",1648,87
"31","'24-2020","2020-06-07",570,76
"31","'24-2021","2021-06-13",1830,80
"31","'25-2020","2020-06-14",922,121
"31","'25-2021","2021-06-20",1841,61
"31","'26-2020","2020-06-21",1022,126
"31","'26-2021","2021-06-27",1672,67
"31","'27-2020","2020-06-28",1132,219
"31","'27-2021","2021-07-04",1758,67
"31","'28-2020","2020-07-05",1231,208
"31","'28-2021","2021-07-11",1616,58
"31","'29-2020","2020-07-12",1342,200
"31","'29-2021","2021-07-18",1501,30
"31","'30-2020","2020-07-19",1649,224
"31","'30-2021","2021-07-25",1397,23
"31","'31-2020","2020-07-26",1361,183
"31","'31-2021","2021-08-01",501,3
"31","'32-2020","2020-08-02",964,154
"31","'33-2020","2020-08-09",973,98
"31","'34-2020","2020-08-16",1058,111
"31","'35-2020","2020-08-23",937,54
"31","'36-2020","2020-08-30",927,61
"31","'37-2020","2020-09-06",725,43
"31","'38-2020","2020-09-13",700,41
"31","'39-2020","2020-09-20",719,29
"31","'40-2020","2020-09-27",579,54
"31","'41-2020","2020-10-04",588,44
"31","'42-2020","2020-10-11",823,44
"31","'43-2020","2020-10-18",704,34
"31","'44-2020","2020-10-25",451,41
"31","'45-2020","2020-11-01",473,35
"31","'46-2020","2020-11-08",560,39
"31","'47-2020","2020-11-15",713,45
"31","'48-2020","2020-11-22",642,46
"31","'49-2020","2020-11-29",570,55
"31","'50-2020","2020-12-06",706,56
"31","'51-2020","2020-12-13",575,36
"31","'52-2020","2020-12-20",894,80
"32","'01-2021","2021-01-03",1595,141
"32","'02-2021","2021-01-10",845,101
"32","'03-2021","2021-01-17",919,92
"32","'04-2021","2021-01-24",662,76
"32","'05-2021","2021-01-31",655,74
"32","'06-2021","2021-02-07",552,50
"32","'07-2021","2021-02-14",421,37
"32","'08-2021","2021-02-21",367,33
"32","'09-2021","2021-02-28",410,25
"32","'10-2020","2020-03-01",3,0
"32","'10-2021","2021-03-07",277,18
"32","'11-2020","2020-03-08",7,0
"32","'11-2021","2021-03-14",293,27
"32","'12-2020","2020-03-15",14,2
"32","'12-2021","2021-03-21",265,23
"32","'13-2020","2020-03-22",2,0
"32","'13-2021","2021-03-28",227,19
"32","'14-2020","2020-03-29",6,3
"32","'14-2021","2021-04-04",240,10
"32","'15-2020","2020-04-05",20,3
"32","'15-2021","2021-04-11",236,9
"32","'16-2020","2020-04-12",27,3
"32","'16-2021","2021-04-18",253,11
"32","'17-2020","2020-04-19",24,4
"32","'17-2021","2021-04-25",262,12
"32","'18-2020","2020-04-26",51,5
"32","'18-2021","2021-05-02",178,8
"32","'19-2020","2020-05-03",57,6
"32","'19-2021","2021-05-09",161,12
"32","'20-2020","2020-05-10",52,7
"32","'20-2021","2021-05-16",125,2
"32","'21-2020","2020-05-17",65,11
"32","'21-2021","2021-05-23",72,4
"32","'22-2020","2020-05-24",78,16
"32","'22-2021","2021-05-30",73,1
"32","'23-2020","2020-05-31",142,21
"32","'23-2021","2021-06-06",63,2
"32","'24-2020","2020-06-07",167,21
"32","'24-2021","2021-06-13",67,1
"32","'25-2020","2020-06-14",201,15
"32","'25-2021","2021-06-20",52,1
"32","'26-2020","2020-06-21",233,22
"32","'26-2021","2021-06-27",150,0
"32","'27-2020","2020-06-28",295,41
"32","'27-2021","2021-07-04",303,1
"32","'28-2020","2020-07-05",390,49
"32","'28-2021","2021-07-11",623,13
"32","'29-2020","2020-07-12",513,56
"32","'29-2021","2021-07-18",1001,19
"32","'30-2020","2020-07-19",533,83
"32","'30-2021","2021-07-25",1003,9
"32","'31-2020","2020-07-26",584,71
"32","'31-2021","2021-08-01",276,0
"32","'32-2020","2020-08-02",662,61
"32","'33-2020","2020-08-09",575,45
"32","'34-2020","2020-08-16",605,83
"32","'35-2020","2020-08-23",497,52
"32","'36-2020","2020-08-30",557,50
"32","'37-2020","2020-09-06",444,40
"32","'38-2020","2020-09-13",471,55
"32","'39-2020","2020-09-20",460,46
"32","'40-2020","2020-09-27",650,44
"32","'41-2020","2020-10-04",848,57
"32","'42-2020","2020-10-11",971,83
"32","'43-2020","2020-10-18",1143,105
"32","'44-2020","2020-10-25",1284,138
"32","'45-2020","2020-11-01",1333,100
"32","'46-2020","2020-11-08",1438,108
"32","'47-2020","2020-11-15",1417,142
"32","'48-2020","2020-11-22",1325,117
"32","'49-2020","2020-11-29",1022,85
"32","'50-2020","2020-12-06",914,80
"32","'51-2020","2020-12-13",755,73
"32","'52-2020","2020-12-20",1033,120
